return,parameter1,parameter2
-0.010024813,0.5,2.8
-0.006298476,0.6,2.8
0.003619045,0.7,2.8
0.005356617,0.8,2.8
-0.000361667,0.9,2.8
0.005126653,1,2.8
-5.74E-06,1.1,2.8
0.00029801,1.2,2.8
0.00133461,1.3,2.8
0.00161725,1.4,2.8
0.003998981,1.5,2.8
-0.005061901,1.6,2.8
-0.007063763,1.7,2.8
0.00256331,1.8,2.8
0,1.9,2.8
0,2,2.8
0,2.1,2.8
0,2.2,2.8
0,2.3,2.8
0,2.4,2.8
0,2.5,2.8
0,2.6,2.8
0,2.7,2.8
0,2.8,2.8
0,2.9,2.8
0,3,2.8
0,3.1,2.8
0,3.2,2.8
0,3.3,2.8
0,3.4,2.8
0,3.5,2.8
0,3.6,2.8
0,3.7,2.8
0,3.8,2.8
0,3.9,2.8
0,4,2.8
0,4.1,2.8
0,4.2,2.8
0,4.3,2.8
0,4.4,2.8
0,4.5,2.8
0,4.6,2.8
0,4.7,2.8
0,4.8,2.8
0,4.9,2.8
0,5,2.8
0,5.1,2.8
0,5.2,2.8
0,5.3,2.8
0,5.4,2.8
0,5.5,2.8
0,5.6,2.8
0,5.7,2.8
0,5.8,2.8
0,5.9,2.8
0,6,2.8
0,6.1,2.8
0,6.2,2.8
0,6.3,2.8
0,6.4,2.8
0,6.5,2.8
0,6.6,2.8
0,6.7,2.8
0,6.8,2.8
0,6.9,2.8
0,7,2.8
0,7.1,2.8
0,7.2,2.8
0,7.3,2.8
0,7.4,2.8
0,7.5,2.8
0,7.6,2.8
0,7.7,2.8
0,7.8,2.8
0,7.9,2.8
0,8,2.8
0,8.1,2.8
0,8.2,2.8
0,8.3,2.8
0,8.4,2.8
0,8.5,2.8
0,8.6,2.8
0,8.7,2.8
0,8.8,2.8
0,8.9,2.8
0,9,2.8
0,9.1,2.8
0,9.2,2.8
0,9.3,2.8
0,9.4,2.8
0,9.5,2.8
0,9.6,2.8
0,9.7,2.8
0,9.8,2.8
0,9.9,2.8
0,10,2.8
0,10.1,2.8
0,10.2,2.8
0,10.3,2.8
0,10.4,2.8
0,10.5,2.8
0,10.6,2.8
0,10.7,2.8
0,10.8,2.8
0,10.9,2.8
0,11,2.8
0,11.1,2.8
0,11.2,2.8
0,11.3,2.8
0,11.4,2.8
0,11.5,2.8
0,11.6,2.8
0,11.7,2.8
0,11.8,2.8
0,11.9,2.8
0,12,2.8
0,12.1,2.8
0,12.2,2.8
0,12.3,2.8
0,12.4,2.8
0,12.5,2.8
0,12.6,2.8
0,12.7,2.8
0,12.8,2.8
0,12.9,2.8
0,13,2.8
0,13.1,2.8
0,13.2,2.8
0,13.3,2.8
0,13.4,2.8
0,13.5,2.8
0,13.6,2.8
0,13.7,2.8
0,13.8,2.8
0,13.9,2.8
0,14,2.8
0,14.1,2.8
0,14.2,2.8
0,14.3,2.8
0,14.4,2.8
0,14.5,2.8
0,14.6,2.8
0,14.7,2.8
0,14.8,2.8
0,14.9,2.8
0,15,2.8
-0.006302651,0.5,3
-0.012321314,0.6,3
-0.005491477,0.7,3
0.000963788,0.8,3
-0.000958788,0.9,3
0.001537065,1,3
0.005419712,1.1,3
0.008880812,1.2,3
0.00324608,1.3,3
0.004548904,1.4,3
0.006546269,1.5,3
0.007146559,1.6,3
-0.007784195,1.7,3
-0.007519193,1.8,3
0,1.9,3
0,2,3
0,2.1,3
0,2.2,3
0,2.3,3
-0.007517188,2.4,3
0,2.5,3
0,2.6,3
0,2.7,3
0,2.8,3
0,2.9,3
0,3,3
0,3.1,3
0,3.2,3
0,3.3,3
0,3.4,3
0,3.5,3
0,3.6,3
0,3.7,3
0,3.8,3
0,3.9,3
0,4,3
0,4.1,3
0,4.2,3
0,4.3,3
0,4.4,3
0,4.5,3
0,4.6,3
0,4.7,3
0,4.8,3
0,4.9,3
0,5,3
0,5.1,3
0,5.2,3
0,5.3,3
0,5.4,3
0,5.5,3
0,5.6,3
0,5.7,3
0,5.8,3
0,5.9,3
0,6,3
0,6.1,3
0,6.2,3
0,6.3,3
0,6.4,3
0,6.5,3
0,6.6,3
0,6.7,3
0,6.8,3
0,6.9,3
0,7,3
0,7.1,3
0,7.2,3
0,7.3,3
0,7.4,3
0,7.5,3
0,7.6,3
0,7.7,3
0,7.8,3
0,7.9,3
0,8,3
0,8.1,3
0,8.2,3
0,8.3,3
0,8.4,3
0,8.5,3
0,8.6,3
0,8.7,3
0,8.8,3
0,8.9,3
0,9,3
0,9.1,3
0,9.2,3
0,9.3,3
0,9.4,3
0,9.5,3
0,9.6,3
0,9.7,3
0,9.8,3
0,9.9,3
0,10,3
0,10.1,3
0,10.2,3
0,10.3,3
0,10.4,3
0,10.5,3
0,10.6,3
0,10.7,3
0,10.8,3
0,10.9,3
0,11,3
0,11.1,3
0,11.2,3
0,11.3,3
0,11.4,3
0,11.5,3
0,11.6,3
0,11.7,3
0,11.8,3
0,11.9,3
0,12,3
0,12.1,3
0,12.2,3
0,12.3,3
0,12.4,3
0,12.5,3
0,12.6,3
0,12.7,3
0,12.8,3
0,12.9,3
0,13,3
0,13.1,3
0,13.2,3
0,13.3,3
0,13.4,3
0,13.5,3
0,13.6,3
0,13.7,3
0,13.8,3
0,13.9,3
0,14,3
0,14.1,3
0,14.2,3
0,14.3,3
0,14.4,3
0,14.5,3
0,14.6,3
0,14.7,3
0,14.8,3
0,14.9,3
0,15,3
-0.007594783,0.5,3.2
-0.010902356,0.6,3.2
-0.002220731,0.7,3.2
0.002103614,0.8,3.2
0.000245141,0.9,3.2
0.004692247,1,3.2
0.00021213,1.1,3.2
0.005993707,1.2,3.2
0.000882724,1.3,3.2
-0.000608038,1.4,3.2
-0.002789234,1.5,3.2
0.001621169,1.6,3.2
0.002180287,1.7,3.2
0.00012695,1.8,3.2
-0.005903184,1.9,3.2
-0.005904192,2,3.2
-0.007692239,2.1,3.2
-0.005903184,2.2,3.2
-0.007692239,2.3,3.2
-0.007692239,2.4,3.2
-0.007692239,2.5,3.2
-0.007578129,2.6,3.2
-0.007514173,2.7,3.2
-0.00749616,2.8,3.2
0,2.9,3.2
0,3,3.2
0,3.1,3.2
0,3.2,3.2
0,3.3,3.2
0,3.4,3.2
0,3.5,3.2
0,3.6,3.2
0,3.7,3.2
0,3.8,3.2
0,3.9,3.2
0,4,3.2
0,4.1,3.2
0,4.2,3.2
0,4.3,3.2
0,4.4,3.2
0,4.5,3.2
0,4.6,3.2
0,4.7,3.2
0,4.8,3.2
0,4.9,3.2
0,5,3.2
0,5.1,3.2
0,5.2,3.2
0,5.3,3.2
0,5.4,3.2
0,5.5,3.2
0,5.6,3.2
0,5.7,3.2
0,5.8,3.2
0,5.9,3.2
0,6,3.2
0,6.1,3.2
0,6.2,3.2
0,6.3,3.2
0,6.4,3.2
0,6.5,3.2
0,6.6,3.2
0,6.7,3.2
0,6.8,3.2
0,6.9,3.2
0,7,3.2
0,7.1,3.2
0,7.2,3.2
0,7.3,3.2
0,7.4,3.2
0,7.5,3.2
0,7.6,3.2
0,7.7,3.2
0,7.8,3.2
0,7.9,3.2
0,8,3.2
0,8.1,3.2
0,8.2,3.2
0,8.3,3.2
0,8.4,3.2
0,8.5,3.2
0,8.6,3.2
0,8.7,3.2
0,8.8,3.2
0,8.9,3.2
0,9,3.2
0,9.1,3.2
0,9.2,3.2
0,9.3,3.2
0,9.4,3.2
0,9.5,3.2
0,9.6,3.2
0,9.7,3.2
0,9.8,3.2
0,9.9,3.2
0,10,3.2
0,10.1,3.2
0,10.2,3.2
0,10.3,3.2
0,10.4,3.2
0,10.5,3.2
0,10.6,3.2
0,10.7,3.2
0,10.8,3.2
0,10.9,3.2
0,11,3.2
0,11.1,3.2
0,11.2,3.2
0,11.3,3.2
0,11.4,3.2
0,11.5,3.2
0,11.6,3.2
0,11.7,3.2
0,11.8,3.2
0,11.9,3.2
0,12,3.2
0,12.1,3.2
0,12.2,3.2
0,12.3,3.2
0,12.4,3.2
0,12.5,3.2
0,12.6,3.2
0,12.7,3.2
0,12.8,3.2
0,12.9,3.2
0,13,3.2
0,13.1,3.2
0,13.2,3.2
0,13.3,3.2
0,13.4,3.2
0,13.5,3.2
0,13.6,3.2
0,13.7,3.2
0,13.8,3.2
0,13.9,3.2
0,14,3.2
0,14.1,3.2
0,14.2,3.2
0,14.3,3.2
0,14.4,3.2
0,14.5,3.2
0,14.6,3.2
0,14.7,3.2
0,14.8,3.2
0,14.9,3.2
0,15,3.2
-0.004607477,0.5,3.4
-0.007623282,0.6,3.4
0.001067915,0.7,3.4
0.007436575,0.8,3.4
0.005320574,0.9,3.4
0.008957241,1,3.4
0.001142892,1.1,3.4
0.00122047,1.2,3.4
0.008804055,1.3,3.4
0.004319789,1.4,3.4
-0.002882065,1.5,3.4
-0.001548556,1.6,3.4
-0.004386891,1.7,3.4
0.000770014,1.8,3.4
-0.000424541,1.9,3.4
0.002174168,2,3.4
-0.00252568,2.1,3.4
-0.007218104,2.2,3.4
-0.003880268,2.3,3.4
-0.003878314,2.4,3.4
0.001577579,2.5,3.4
0.001966438,2.6,3.4
0.002030394,2.7,3.4
0.002048408,2.8,3.4
0.000141606,2.9,3.4
0.000467862,3,3.4
0.000487928,3.1,3.4
0.000487929,3.2,3.4
0.000532933,3.3,3.4
0.000480933,3.4,3.4
0.000480933,3.5,3.4
0.000534941,3.6,3.4
0,3.7,3.4
0,3.8,3.4
0,3.9,3.4
0,4,3.4
0,4.1,3.4
0,4.2,3.4
0,4.3,3.4
0,4.4,3.4
0,4.5,3.4
0,4.6,3.4
0,4.7,3.4
0,4.8,3.4
0,4.9,3.4
0,5,3.4
0,5.1,3.4
0,5.2,3.4
0,5.3,3.4
0,5.4,3.4
0,5.5,3.4
0,5.6,3.4
0,5.7,3.4
0,5.8,3.4
0,5.9,3.4
0,6,3.4
0,6.1,3.4
0,6.2,3.4
0,6.3,3.4
0,6.4,3.4
0,6.5,3.4
0,6.6,3.4
0,6.7,3.4
0,6.8,3.4
0,6.9,3.4
0,7,3.4
0,7.1,3.4
0,7.2,3.4
0,7.3,3.4
0,7.4,3.4
0,7.5,3.4
0,7.6,3.4
0,7.7,3.4
0,7.8,3.4
0,7.9,3.4
0,8,3.4
0,8.1,3.4
0,8.2,3.4
0,8.3,3.4
0,8.4,3.4
0,8.5,3.4
0,8.6,3.4
0,8.7,3.4
0,8.8,3.4
0,8.9,3.4
0,9,3.4
0,9.1,3.4
0,9.2,3.4
0,9.3,3.4
0,9.4,3.4
0,9.5,3.4
0,9.6,3.4
0,9.7,3.4
0,9.8,3.4
0,9.9,3.4
0,10,3.4
0,10.1,3.4
0,10.2,3.4
0,10.3,3.4
0,10.4,3.4
0,10.5,3.4
0,10.6,3.4
0,10.7,3.4
0,10.8,3.4
0,10.9,3.4
0,11,3.4
0,11.1,3.4
0,11.2,3.4
0,11.3,3.4
0,11.4,3.4
0,11.5,3.4
0,11.6,3.4
0,11.7,3.4
0,11.8,3.4
0,11.9,3.4
0,12,3.4
0,12.1,3.4
0,12.2,3.4
0,12.3,3.4
0,12.4,3.4
0,12.5,3.4
0,12.6,3.4
0,12.7,3.4
0,12.8,3.4
0,12.9,3.4
0,13,3.4
0,13.1,3.4
0,13.2,3.4
0,13.3,3.4
0,13.4,3.4
0,13.5,3.4
0,13.6,3.4
0,13.7,3.4
0,13.8,3.4
0,13.9,3.4
0,14,3.4
0,14.1,3.4
0,14.2,3.4
0,14.3,3.4
0,14.4,3.4
0,14.5,3.4
0,14.6,3.4
0,14.7,3.4
0,14.8,3.4
0,14.9,3.4
0,15,3.4
-0.00859886,0.5,3.6
-0.006279397,0.6,3.6
-0.002336934,0.7,3.6
0.005183375,0.8,3.6
0.006849985,0.9,3.6
0.005899953,1,3.6
-0.000439068,1.1,3.6
-3.64E-05,1.2,3.6
0.007267894,1.3,3.6
0.00581751,1.4,3.6
-0.002416722,1.5,3.6
-0.001726842,1.6,3.6
-0.002660331,1.7,3.6
0.000721027,1.8,3.6
0.000141711,1.9,3.6
0.00698147,2,3.6
0.001370168,2.1,3.6
-0.001615667,2.2,3.6
-0.003907463,2.3,3.6
-0.005029854,2.4,3.6
-0.005533436,2.5,3.6
0.001966438,2.6,3.6
0.001969453,2.7,3.6
0.002050413,2.8,3.6
0.000141606,2.9,3.6
0.000467862,3,3.6
0.002482782,3.1,3.6
0.002482783,3.2,3.6
0.000532933,3.3,3.6
0.000480933,3.4,3.6
0.000480933,3.5,3.6
0.000534941,3.6,3.6
0.000498992,3.7,3.6
0,3.8,3.6
0,3.9,3.6
0,4,3.6
0,4.1,3.6
0,4.2,3.6
0,4.3,3.6
0,4.4,3.6
0,4.5,3.6
0,4.6,3.6
0,4.7,3.6
0,4.8,3.6
0,4.9,3.6
0,5,3.6
0,5.1,3.6
0,5.2,3.6
0,5.3,3.6
0,5.4,3.6
0,5.5,3.6
0,5.6,3.6
0,5.7,3.6
0,5.8,3.6
0,5.9,3.6
0,6,3.6
0,6.1,3.6
0,6.2,3.6
0,6.3,3.6
0,6.4,3.6
0,6.5,3.6
0,6.6,3.6
0,6.7,3.6
0,6.8,3.6
0,6.9,3.6
0,7,3.6
0,7.1,3.6
0,7.2,3.6
0,7.3,3.6
0,7.4,3.6
0,7.5,3.6
0,7.6,3.6
0,7.7,3.6
0,7.8,3.6
0,7.9,3.6
0,8,3.6
0,8.1,3.6
0,8.2,3.6
0,8.3,3.6
0,8.4,3.6
0,8.5,3.6
0,8.6,3.6
0,8.7,3.6
0,8.8,3.6
0,8.9,3.6
0,9,3.6
0,9.1,3.6
0,9.2,3.6
0,9.3,3.6
0,9.4,3.6
0,9.5,3.6
0,9.6,3.6
0,9.7,3.6
0,9.8,3.6
0,9.9,3.6
0,10,3.6
0,10.1,3.6
0,10.2,3.6
0,10.3,3.6
0,10.4,3.6
0,10.5,3.6
0,10.6,3.6
0,10.7,3.6
0,10.8,3.6
0,10.9,3.6
0,11,3.6
0,11.1,3.6
0,11.2,3.6
0,11.3,3.6
0,11.4,3.6
0,11.5,3.6
0,11.6,3.6
0,11.7,3.6
0,11.8,3.6
0,11.9,3.6
0,12,3.6
0,12.1,3.6
0,12.2,3.6
0,12.3,3.6
0,12.4,3.6
0,12.5,3.6
0,12.6,3.6
0,12.7,3.6
0,12.8,3.6
0,12.9,3.6
0,13,3.6
0,13.1,3.6
0,13.2,3.6
0,13.3,3.6
0,13.4,3.6
0,13.5,3.6
0,13.6,3.6
0,13.7,3.6
0,13.8,3.6
0,13.9,3.6
0,14,3.6
0,14.1,3.6
0,14.2,3.6
0,14.3,3.6
0,14.4,3.6
0,14.5,3.6
0,14.6,3.6
0,14.7,3.6
0,14.8,3.6
0,14.9,3.6
0,15,3.6
-0.012224914,0.5,3.8
-0.008503232,0.6,3.8
-0.006547689,0.7,3.8
0.001242502,0.8,3.8
0.006684558,0.9,3.8
0.006818865,1,3.8
0.001607278,1.1,3.8
0.002471895,1.2,3.8
0.001848846,1.3,3.8
0.005720575,1.4,3.8
0.003578463,1.5,3.8
0.004600145,1.6,3.8
-0.006963174,1.7,3.8
0.001372772,1.8,3.8
-0.001136657,1.9,3.8
-0.000964668,2,3.8
0.001232087,2.1,3.8
0.002230103,2.2,3.8
0.003203338,2.3,3.8
-0.000593203,2.4,3.8
0.000259007,2.5,3.8
0.000914144,2.6,3.8
-0.000520299,2.7,3.8
0.002350004,2.8,3.8
0.002436052,2.9,3.8
0.002704349,3,3.8
0.002782373,3.1,3.8
0.002482783,3.2,3.8
0.002525782,3.3,3.8
-0.002851101,3.4,3.8
-0.004812994,3.5,3.8
0.000534941,3.6,3.8
0.000498992,3.7,3.8
0.000446875,3.8,3.8
0,3.9,3.8
0,4,3.8
0,4.1,3.8
0,4.2,3.8
0,4.3,3.8
0,4.4,3.8
0,4.5,3.8
0,4.6,3.8
0,4.7,3.8
0,4.8,3.8
0,4.9,3.8
0,5,3.8
0,5.1,3.8
0,5.2,3.8
0,5.3,3.8
0,5.4,3.8
0,5.5,3.8
0,5.6,3.8
0,5.7,3.8
0,5.8,3.8
0,5.9,3.8
0,6,3.8
0,6.1,3.8
0,6.2,3.8
0,6.3,3.8
0,6.4,3.8
0,6.5,3.8
0,6.6,3.8
0,6.7,3.8
0,6.8,3.8
0,6.9,3.8
0,7,3.8
0,7.1,3.8
0,7.2,3.8
0,7.3,3.8
0,7.4,3.8
0,7.5,3.8
0,7.6,3.8
0,7.7,3.8
0,7.8,3.8
0,7.9,3.8
0,8,3.8
0,8.1,3.8
0,8.2,3.8
0,8.3,3.8
0,8.4,3.8
0,8.5,3.8
0,8.6,3.8
0,8.7,3.8
0,8.8,3.8
0,8.9,3.8
0,9,3.8
0,9.1,3.8
0,9.2,3.8
0,9.3,3.8
0,9.4,3.8
0,9.5,3.8
0,9.6,3.8
0,9.7,3.8
0,9.8,3.8
0,9.9,3.8
0,10,3.8
0,10.1,3.8
0,10.2,3.8
0,10.3,3.8
0,10.4,3.8
0,10.5,3.8
0,10.6,3.8
0,10.7,3.8
0,10.8,3.8
0,10.9,3.8
0,11,3.8
0,11.1,3.8
0,11.2,3.8
0,11.3,3.8
0,11.4,3.8
0,11.5,3.8
0,11.6,3.8
0,11.7,3.8
0,11.8,3.8
0,11.9,3.8
0,12,3.8
0,12.1,3.8
0,12.2,3.8
0,12.3,3.8
0,12.4,3.8
0,12.5,3.8
0,12.6,3.8
0,12.7,3.8
0,12.8,3.8
0,12.9,3.8
0,13,3.8
0,13.1,3.8
0,13.2,3.8
0,13.3,3.8
0,13.4,3.8
0,13.5,3.8
0,13.6,3.8
0,13.7,3.8
0,13.8,3.8
0,13.9,3.8
0,14,3.8
0,14.1,3.8
0,14.2,3.8
0,14.3,3.8
0,14.4,3.8
0,14.5,3.8
0,14.6,3.8
0,14.7,3.8
0,14.8,3.8
0,14.9,3.8
0,15,3.8
-0.00948769,0.5,4
-0.007710648,0.6,4
-0.008031811,0.7,4
0.002438757,0.8,4
0.007236779,0.9,4
0.007505126,1,4
0.008640654,1.1,4
0.010919769,1.2,4
0.007638325,1.3,4
0.008264506,1.4,4
0.009943759,1.5,4
0.003274625,1.6,4
-0.00392811,1.7,4
-0.004272964,1.8,4
0.000621933,1.9,4
-0.003751143,2,4
0.000203804,2.1,4
0.00297084,2.2,4
0.003978519,2.3,4
0.008966274,2.4,4
0.00770406,2.5,4
0.004597423,2.6,4
-0.002500649,2.7,4
0.002018039,2.8,4
0.000920299,2.9,4
0.001261643,3,4
0.000347034,3.1,4
-0.003227924,3.2,4
-0.003191877,3.3,4
-0.003160926,3.4,4
-0.002818157,3.5,4
-0.004756993,3.6,4
-0.004781928,3.7,4
-0.004814052,3.8,4
0,3.9,4
0,4,4
0,4.1,4
0,4.2,4
0,4.3,4
0,4.4,4
0,4.5,4
0,4.6,4
0,4.7,4
0,4.8,4
0,4.9,4
0,5,4
0,5.1,4
0,5.2,4
0,5.3,4
0,5.4,4
0,5.5,4
0,5.6,4
0,5.7,4
0,5.8,4
0,5.9,4
0,6,4
0,6.1,4
0,6.2,4
0,6.3,4
0,6.4,4
0,6.5,4
0,6.6,4
0,6.7,4
0,6.8,4
0,6.9,4
0,7,4
0,7.1,4
0,7.2,4
0,7.3,4
0,7.4,4
0,7.5,4
0,7.6,4
0,7.7,4
0,7.8,4
0,7.9,4
0,8,4
0,8.1,4
0,8.2,4
0,8.3,4
0,8.4,4
0,8.5,4
0,8.6,4
0,8.7,4
0,8.8,4
0,8.9,4
0,9,4
0,9.1,4
0,9.2,4
0,9.3,4
0,9.4,4
0,9.5,4
0,9.6,4
0,9.7,4
0,9.8,4
0,9.9,4
0,10,4
0,10.1,4
0,10.2,4
0,10.3,4
0,10.4,4
0,10.5,4
0,10.6,4
0,10.7,4
0,10.8,4
0,10.9,4
0,11,4
0,11.1,4
0,11.2,4
0,11.3,4
0,11.4,4
0,11.5,4
0,11.6,4
0,11.7,4
0,11.8,4
0,11.9,4
0,12,4
0,12.1,4
0,12.2,4
0,12.3,4
0,12.4,4
0,12.5,4
0,12.6,4
0,12.7,4
0,12.8,4
0,12.9,4
0,13,4
0,13.1,4
0,13.2,4
0,13.3,4
0,13.4,4
0,13.5,4
0,13.6,4
0,13.7,4
0,13.8,4
0,13.9,4
0,14,4
0,14.1,4
0,14.2,4
0,14.3,4
0,14.4,4
0,14.5,4
0,14.6,4
0,14.7,4
0,14.8,4
0,14.9,4
0,15,4
-0.008672322,0.5,4.2
-0.005979533,0.6,4.2
-0.005112011,0.7,4.2
0.000214877,0.8,4.2
0.005177111,0.9,4.2
0.008830477,1,4.2
0.008480675,1.1,4.2
0.014211667,1.2,4.2
0.015292551,1.3,4.2
0.008576725,1.4,4.2
0.006160889,1.5,4.2
-0.002160663,1.6,4.2
-0.001287401,1.7,4.2
-0.004024055,1.8,4.2
-0.005157556,1.9,4.2
-0.00254353,2,4.2
0.003526037,2.1,4.2
0.004054938,2.2,4.2
0.003499537,2.3,4.2
0.003665252,2.4,4.2
0.007196811,2.5,4.2
0.005937009,2.6,4.2
0.005534104,2.7,4.2
0.005048876,2.8,4.2
0.004560494,2.9,4.2
0.004407839,3,4.2
0.00402579,3.1,4.2
-0.001167869,3.2,4.2
-0.001122866,3.3,4.2
-0.001174865,3.4,4.2
-0.002183873,3.5,4.2
-0.004930114,3.6,4.2
-0.00471525,3.7,4.2
-0.004765386,3.8,4.2
-0.005147739,3.9,4.2
-0.005107774,4,4.2
-0.005194744,4.1,4.2
-0.005168848,4.2,4.2
-0.005138826,4.3,4.2
-0.005047703,4.4,4.2
-0.005039743,4.5,4.2
0.001145988,4.6,4.2
0.00124883,4.7,4.2
-0.002710638,4.8,4.2
-0.002353269,4.9,4.2
-0.002724659,5,4.2
-0.002353269,5.1,4.2
5.45E-05,5.2,4.2
5.45E-05,5.3,4.2
5.45E-05,5.4,4.2
5.45E-05,5.5,4.2
5.45E-05,5.6,4.2
5.45E-05,5.7,4.2
5.45E-05,5.8,4.2
5.45E-05,5.9,4.2
5.45E-05,6,4.2
5.45E-05,6.1,4.2
5.45E-05,6.2,4.2
5.45E-05,6.3,4.2
5.45E-05,6.4,4.2
5.45E-05,6.5,4.2
5.45E-05,6.6,4.2
5.45E-05,6.7,4.2
5.45E-05,6.8,4.2
5.45E-05,6.9,4.2
5.45E-05,7,4.2
5.45E-05,7.1,4.2
5.45E-05,7.2,4.2
5.45E-05,7.3,4.2
5.45E-05,7.4,4.2
5.45E-05,7.5,4.2
5.45E-05,7.6,4.2
5.45E-05,7.7,4.2
5.45E-05,7.8,4.2
5.45E-05,7.9,4.2
5.45E-05,8,4.2
5.45E-05,8.1,4.2
5.45E-05,8.2,4.2
5.45E-05,8.3,4.2
5.45E-05,8.4,4.2
5.45E-05,8.5,4.2
5.45E-05,8.6,4.2
5.45E-05,8.7,4.2
5.45E-05,8.8,4.2
5.45E-05,8.9,4.2
5.45E-05,9,4.2
5.45E-05,9.1,4.2
5.45E-05,9.2,4.2
5.45E-05,9.3,4.2
5.45E-05,9.4,4.2
5.45E-05,9.5,4.2
6.36E-05,9.6,4.2
0,9.7,4.2
0,9.8,4.2
0,9.9,4.2
0,10,4.2
0,10.1,4.2
0,10.2,4.2
0,10.3,4.2
0,10.4,4.2
0,10.5,4.2
0,10.6,4.2
0,10.7,4.2
0,10.8,4.2
0,10.9,4.2
0,11,4.2
0,11.1,4.2
0,11.2,4.2
0,11.3,4.2
0,11.4,4.2
0,11.5,4.2
0,11.6,4.2
0,11.7,4.2
0,11.8,4.2
0,11.9,4.2
0,12,4.2
0,12.1,4.2
0,12.2,4.2
0,12.3,4.2
0,12.4,4.2
0,12.5,4.2
0,12.6,4.2
0,12.7,4.2
0,12.8,4.2
0,12.9,4.2
0,13,4.2
0,13.1,4.2
0,13.2,4.2
0,13.3,4.2
0,13.4,4.2
0,13.5,4.2
0,13.6,4.2
0,13.7,4.2
0,13.8,4.2
0,13.9,4.2
0,14,4.2
0,14.1,4.2
0,14.2,4.2
0,14.3,4.2
0,14.4,4.2
0,14.5,4.2
0,14.6,4.2
0,14.7,4.2
0,14.8,4.2
0,14.9,4.2
0,15,4.2
-0.009333119,0.5,4.4
-0.007848297,0.6,4.4
-0.006515108,0.7,4.4
-0.007947253,0.8,4.4
0.002900835,0.9,4.4
0.004631902,1,4.4
0.004013844,1.1,4.4
0.007352202,1.2,4.4
0.007388631,1.3,4.4
0.010107325,1.4,4.4
0.013008279,1.5,4.4
0.005821618,1.6,4.4
0.002947335,1.7,4.4
0.007140173,1.8,4.4
0.004168345,1.9,4.4
0.002811544,2,4.4
0.004518669,2.1,4.4
0.000506898,2.2,4.4
0.001616898,2.3,4.4
-0.000929907,2.4,4.4
-0.002041302,2.5,4.4
0.002328262,2.6,4.4
0.003807442,2.7,4.4
0.003754177,2.8,4.4
0.002709787,2.9,4.4
0.003461075,3,4.4
0.005588759,3.1,4.4
0.004894654,3.2,4.4
0.005447872,3.3,4.4
0.005129838,3.4,4.4
0.005822128,3.5,4.4
0.004004108,3.6,4.4
-0.000787068,3.7,4.4
-0.001141833,3.8,4.4
-0.004278735,3.9,4.4
-0.005683758,4,4.4
-0.005538779,4.1,4.4
-0.005159795,4.2,4.4
-0.005166855,4.3,4.4
-0.005129793,4.4,4.4
-0.005039743,4.5,4.4
-0.001872893,4.6,4.4
-0.001907987,4.7,4.4
0.000626445,4.8,4.4
0.000653473,4.9,4.4
0.00070601,5,4.4
0.001063379,5.1,4.4
0.001063379,5.2,4.4
0.001063379,5.3,4.4
0.001063379,5.4,4.4
0.001063379,5.5,4.4
0.001063379,5.6,4.4
5.45E-05,5.7,4.4
0.001063379,5.8,4.4
0.001204301,5.9,4.4
0.001494082,6,4.4
5.45E-05,6.1,4.4
5.45E-05,6.2,4.4
5.45E-05,6.3,4.4
5.45E-05,6.4,4.4
5.45E-05,6.5,4.4
5.45E-05,6.6,4.4
5.45E-05,6.7,4.4
5.45E-05,6.8,4.4
5.45E-05,6.9,4.4
5.45E-05,7,4.4
5.45E-05,7.1,4.4
5.45E-05,7.2,4.4
5.45E-05,7.3,4.4
5.45E-05,7.4,4.4
5.45E-05,7.5,4.4
5.45E-05,7.6,4.4
5.45E-05,7.7,4.4
5.45E-05,7.8,4.4
5.45E-05,7.9,4.4
5.45E-05,8,4.4
5.45E-05,8.1,4.4
5.45E-05,8.2,4.4
5.45E-05,8.3,4.4
5.45E-05,8.4,4.4
5.45E-05,8.5,4.4
5.45E-05,8.6,4.4
5.45E-05,8.7,4.4
5.45E-05,8.8,4.4
5.45E-05,8.9,4.4
5.45E-05,9,4.4
5.45E-05,9.1,4.4
5.45E-05,9.2,4.4
5.45E-05,9.3,4.4
5.45E-05,9.4,4.4
5.45E-05,9.5,4.4
6.36E-05,9.6,4.4
0,9.7,4.4
0,9.8,4.4
0,9.9,4.4
0,10,4.4
0,10.1,4.4
0,10.2,4.4
0,10.3,4.4
0,10.4,4.4
0,10.5,4.4
0,10.6,4.4
0,10.7,4.4
0,10.8,4.4
0,10.9,4.4
0,11,4.4
0,11.1,4.4
0,11.2,4.4
0,11.3,4.4
0,11.4,4.4
0,11.5,4.4
0,11.6,4.4
0,11.7,4.4
0,11.8,4.4
0,11.9,4.4
0,12,4.4
0,12.1,4.4
0,12.2,4.4
0,12.3,4.4
0,12.4,4.4
0,12.5,4.4
0,12.6,4.4
0,12.7,4.4
0,12.8,4.4
0,12.9,4.4
0,13,4.4
0,13.1,4.4
0,13.2,4.4
0,13.3,4.4
0,13.4,4.4
0,13.5,4.4
0,13.6,4.4
0,13.7,4.4
0,13.8,4.4
0,13.9,4.4
0,14,4.4
0,14.1,4.4
0,14.2,4.4
0,14.3,4.4
0,14.4,4.4
0,14.5,4.4
0,14.6,4.4
0,14.7,4.4
0,14.8,4.4
0,14.9,4.4
0,15,4.4
-0.011620321,0.5,4.6
-0.005721226,0.6,4.6
-0.008478106,0.7,4.6
-0.003672711,0.8,4.6
0.002627602,0.9,4.6
0.002110148,1,4.6
0.001440268,1.1,4.6
0.002274477,1.2,4.6
0.004051711,1.3,4.6
0.010899458,1.4,4.6
0.009088497,1.5,4.6
0.011429713,1.6,4.6
0.009652964,1.7,4.6
0.010051802,1.8,4.6
0.009198971,1.9,4.6
0.0027882,2,4.6
0.002338201,2.1,4.6
0.000966662,2.2,4.6
0.0010056,2.3,4.6
-0.003714299,2.4,4.6
0.004461683,2.5,4.6
0.005105541,2.6,4.6
0.004168635,2.7,4.6
0.003694628,2.8,4.6
0.004904377,2.9,4.6
0.005593771,3,4.6
0.004812388,3.1,4.6
0.004331006,3.2,4.6
0.004416669,3.3,4.6
0.00512372,3.4,4.6
0.005362457,3.5,4.6
0.005995321,3.6,4.6
0.006226359,3.7,4.6
0.006171234,3.8,4.6
0.006296021,3.9,4.6
0.005497779,4,4.6
0.003596903,4.1,4.6
-0.000906788,4.2,4.6
-0.003908248,4.3,4.6
-0.003433862,4.4,4.6
-0.003376105,4.5,4.6
-0.005125702,4.6,4.6
-0.005169904,4.7,4.6
-0.005124856,4.8,4.6
-0.005291915,4.9,4.6
-0.002632949,5,4.6
-0.002623917,5.1,4.6
-0.002613934,5.2,4.6
0.000582918,5.3,4.6
-0.002537856,5.4,4.6
-0.002490842,5.5,4.6
0.001063379,5.6,4.6
0.000582918,5.7,4.6
0.000668979,5.8,4.6
0.00070601,5.9,4.6
0.001063379,6,4.6
0.000668979,6.1,4.6
0.000582918,6.2,4.6
0.000668979,6.3,4.6
0.000846932,6.4,4.6
0.000846932,6.5,4.6
0.001063379,6.6,4.6
0.001204301,6.7,4.6
0.001526956,6.8,4.6
0.001204301,6.9,4.6
0.001204301,7,4.6
5.45E-05,7.1,4.6
5.45E-05,7.2,4.6
5.45E-05,7.3,4.6
5.45E-05,7.4,4.6
5.45E-05,7.5,4.6
5.45E-05,7.6,4.6
5.45E-05,7.7,4.6
5.45E-05,7.8,4.6
5.45E-05,7.9,4.6
5.45E-05,8,4.6
5.45E-05,8.1,4.6
5.45E-05,8.2,4.6
5.45E-05,8.3,4.6
5.45E-05,8.4,4.6
5.45E-05,8.5,4.6
5.45E-05,8.6,4.6
5.45E-05,8.7,4.6
5.45E-05,8.8,4.6
5.45E-05,8.9,4.6
5.45E-05,9,4.6
5.45E-05,9.1,4.6
5.45E-05,9.2,4.6
5.45E-05,9.3,4.6
5.45E-05,9.4,4.6
5.45E-05,9.5,4.6
6.36E-05,9.6,4.6
0,9.7,4.6
0,9.8,4.6
0,9.9,4.6
0,10,4.6
0,10.1,4.6
0,10.2,4.6
0,10.3,4.6
0,10.4,4.6
0,10.5,4.6
0,10.6,4.6
0,10.7,4.6
0,10.8,4.6
0,10.9,4.6
0,11,4.6
0,11.1,4.6
0,11.2,4.6
0,11.3,4.6
0,11.4,4.6
0,11.5,4.6
0,11.6,4.6
0,11.7,4.6
0,11.8,4.6
0,11.9,4.6
0,12,4.6
0,12.1,4.6
0,12.2,4.6
0,12.3,4.6
0,12.4,4.6
0,12.5,4.6
0,12.6,4.6
0,12.7,4.6
0,12.8,4.6
0,12.9,4.6
0,13,4.6
0,13.1,4.6
0,13.2,4.6
0,13.3,4.6
0,13.4,4.6
0,13.5,4.6
0,13.6,4.6
0,13.7,4.6
0,13.8,4.6
0,13.9,4.6
0,14,4.6
0,14.1,4.6
0,14.2,4.6
0,14.3,4.6
0,14.4,4.6
0,14.5,4.6
0,14.6,4.6
0,14.7,4.6
0,14.8,4.6
0,14.9,4.6
0,15,4.6
-0.01123285,0.5,4.8
-0.00604916,0.6,4.8
-0.006828639,0.7,4.8
-0.002479264,0.8,4.8
-0.002070721,0.9,4.8
-0.003169262,1,4.8
-0.002529064,1.1,4.8
0.001656637,1.2,4.8
0.002168461,1.3,4.8
0.007872499,1.4,4.8
0.007269984,1.5,4.8
0.009188885,1.6,4.8
0.009588965,1.7,4.8
0.01552241,1.8,4.8
0.007492083,1.9,4.8
0.00519687,2,4.8
0.008414037,2.1,4.8
0.004484176,2.2,4.8
0.011212735,2.3,4.8
0.008660468,2.4,4.8
0.002401449,2.5,4.8
-0.004764268,2.6,4.8
0.004961465,2.7,4.8
0.004687097,2.8,4.8
0.005429663,2.9,4.8
0.004630031,3,4.8
0.005113682,3.1,4.8
0.00347912,3.2,4.8
0.006024326,3.3,4.8
0.008173368,3.4,4.8
0.009271918,3.5,4.8
0.005204157,3.6,4.8
0.004779825,3.7,4.8
0.004160392,3.8,4.8
0.003232822,3.9,4.8
0.004173586,4,4.8
0.003757336,4.1,4.8
0.005627541,4.2,4.8
0.004568792,4.3,4.8
0.003266273,4.4,4.8
0.003848136,4.5,4.8
0.000875034,4.6,4.8
-0.003567905,4.7,4.8
-0.003511863,4.8,4.8
-0.003560868,4.9,4.8
-0.003534384,5,4.8
-0.003602439,5.1,4.8
-0.003605488,5.2,4.8
-0.003443654,5.3,4.8
-0.003444643,5.4,4.8
-0.001352696,5.5,4.8
0.001859142,5.6,4.8
0.001833141,5.7,4.8
0.001826135,5.8,4.8
0.000106487,5.9,4.8
-0.001686277,6,4.8
0.000129526,6.1,4.8
0.00013653,6.2,4.8
0.000136535,6.3,4.8
0.000582918,6.4,4.8
0.000668979,6.5,4.8
0.000582918,6.6,4.8
0.000582918,6.7,4.8
0.000668979,6.8,4.8
0.00070601,6.9,4.8
0.001063379,7,4.8
0.001063379,7.1,4.8
0.001063379,7.2,4.8
0.001063379,7.3,4.8
0.001063379,7.4,4.8
0.001063379,7.5,4.8
0.001063379,7.6,4.8
0.001063379,7.7,4.8
0.001063379,7.8,4.8
0.001096319,7.9,4.8
0.001063379,8,4.8
0.001063379,8.1,4.8
0.001204301,8.2,4.8
0.001494082,8.3,4.8
0.001494082,8.4,4.8
0.001204301,8.5,4.8
0.001526956,8.6,4.8
5.45E-05,8.7,4.8
5.45E-05,8.8,4.8
5.45E-05,8.9,4.8
5.45E-05,9,4.8
5.45E-05,9.1,4.8
5.45E-05,9.2,4.8
5.45E-05,9.3,4.8
5.45E-05,9.4,4.8
5.45E-05,9.5,4.8
6.36E-05,9.6,4.8
0,9.7,4.8
0,9.8,4.8
0,9.9,4.8
0,10,4.8
0,10.1,4.8
0,10.2,4.8
0,10.3,4.8
0,10.4,4.8
0,10.5,4.8
0,10.6,4.8
0,10.7,4.8
0,10.8,4.8
0,10.9,4.8
0,11,4.8
0,11.1,4.8
0,11.2,4.8
0,11.3,4.8
0,11.4,4.8
0,11.5,4.8
0,11.6,4.8
0,11.7,4.8
0,11.8,4.8
0,11.9,4.8
0,12,4.8
0,12.1,4.8
0,12.2,4.8
0,12.3,4.8
0,12.4,4.8
0,12.5,4.8
0,12.6,4.8
0,12.7,4.8
0,12.8,4.8
0,12.9,4.8
0,13,4.8
0,13.1,4.8
0,13.2,4.8
0,13.3,4.8
0,13.4,4.8
0,13.5,4.8
0,13.6,4.8
0,13.7,4.8
0,13.8,4.8
0,13.9,4.8
0,14,4.8
0,14.1,4.8
0,14.2,4.8
0,14.3,4.8
0,14.4,4.8
0,14.5,4.8
0,14.6,4.8
0,14.7,4.8
0,14.8,4.8
0,14.9,4.8
0,15,4.8
-0.00936476,0.5,5
-0.012526511,0.6,5
-0.007254795,0.7,5
-0.002850846,0.8,5
-0.005079363,0.9,5
-0.006702108,1,5
-0.008353096,1.1,5
0.002074394,1.2,5
0.002074655,1.3,5
0.006129917,1.4,5
0.002512768,1.5,5
0.009241381,1.6,5
0.009336173,1.7,5
0.014264071,1.8,5
0.011076074,1.9,5
0.011307208,2,5
0.009619876,2.1,5
0.009707615,2.2,5
0.009969428,2.3,5
0.011266424,2.4,5
0.008996145,2.5,5
0.004154059,2.6,5
0.006912755,2.7,5
0.003126455,2.8,5
0.001829571,2.9,5
0.000233545,3,5
0.001077897,3.1,5
0.002157352,3.2,5
0.005149069,3.3,5
0.004607003,3.4,5
0.004530928,3.5,5
0.00414388,3.6,5
0.003770989,3.7,5
0.003775836,3.8,5
0.001897968,3.9,5
0.00420583,4,5
0.003874651,4.1,5
0.002080635,4.2,5
0.006246765,4.3,5
0.005778669,4.4,5
0.005297713,4.5,5
0.006006142,4.6,5
0.005918414,4.7,5
0.007521547,4.8,5
0.007548517,4.9,5
0.003257348,5,5
0.001094805,5.1,5
0.001735605,5.2,5
-0.000597545,5.3,5
-0.000663559,5.4,5
-0.000619551,5.5,5
-0.000616557,5.6,5
-0.000607553,5.7,5
0.000347504,5.8,5
-0.000603675,5.9,5
0.001020028,6,5
-0.00088284,6.1,5
-0.001773921,6.2,5
6.69E-06,6.3,5
1.67E-05,6.4,5
-9.64E-05,6.5,5
0.002026539,6.6,5
-1.03E-05,6.7,5
5.47E-05,6.8,5
3.87E-05,6.9,5
4.27E-05,7,5
0.001881476,7.1,5
0.002398713,7.2,5
0.000582918,7.3,5
0.000582918,7.4,5
0.00239872,7.5,5
0.002491786,7.6,5
0.00240573,7.7,5
0.002471765,7.8,5
0.002511803,7.9,5
0.002496788,8,5
0.000582918,8.1,5
0.002511803,8.2,5
0.002587892,8.3,5
0.002673953,8.4,5
0.00070601,8.5,5
0.001063379,8.6,5
0.000582918,8.7,5
0.00072384,8.8,5
0.000809901,8.9,5
0.000846932,9,5
0.001204301,9.1,5
0.001494082,9.2,5
0.001494082,9.3,5
0.001494082,9.4,5
0.001526956,9.5,5
6.36E-05,9.6,5
0.003021712,9.7,5
0.003022645,9.8,5
0,9.9,5
0,10,5
0,10.1,5
0,10.2,5
0,10.3,5
0,10.4,5
0,10.5,5
0,10.6,5
0,10.7,5
0,10.8,5
0,10.9,5
0,11,5
0,11.1,5
0,11.2,5
0,11.3,5
0,11.4,5
0,11.5,5
0,11.6,5
0,11.7,5
0,11.8,5
0,11.9,5
0,12,5
0,12.1,5
0,12.2,5
0,12.3,5
0,12.4,5
0,12.5,5
0,12.6,5
0,12.7,5
0,12.8,5
0,12.9,5
0,13,5
0,13.1,5
0,13.2,5
0,13.3,5
0,13.4,5
0,13.5,5
0,13.6,5
0,13.7,5
0,13.8,5
0,13.9,5
0,14,5
0,14.1,5
0,14.2,5
0,14.3,5
0,14.4,5
0,14.5,5
0,14.6,5
0,14.7,5
0,14.8,5
0,14.9,5
0,15,5
-0.010149192,0.5,5.2
-0.011953289,0.6,5.2
-0.008490451,0.7,5.2
-0.007941989,0.8,5.2
-0.00594387,0.9,5.2
-0.009317633,1,5.2
-0.010363331,1.1,5.2
-0.000198471,1.2,5.2
-0.001641427,1.3,5.2
0.00218886,1.4,5.2
0.004910202,1.5,5.2
0.004839005,1.6,5.2
0.010224327,1.7,5.2
0.009648574,1.8,5.2
0.00991516,1.9,5.2
0.013035424,2,5.2
0.013290534,2.1,5.2
0.011360541,2.2,5.2
0.006158119,2.3,5.2
0.011176137,2.4,5.2
0.01429277,2.5,5.2
0.009551634,2.6,5.2
0.008319668,2.7,5.2
0.006874044,2.8,5.2
0.008880808,2.9,5.2
0.00862188,3,5.2
0.007246597,3.1,5.2
0.004778279,3.2,5.2
0.006616838,3.3,5.2
0.004725233,3.4,5.2
0.002604319,3.5,5.2
0.003150343,3.6,5.2
0.003467894,3.7,5.2
0.006138554,3.8,5.2
0.007963889,3.9,5.2
0.008680489,4,5.2
0.006857887,4.1,5.2
0.003799645,4.2,5.2
0.008311531,4.3,5.2
0.006129315,4.4,5.2
0.003950484,4.5,5.2
0.003127643,4.6,5.2
0.002772264,4.7,5.2
0.00373565,4.8,5.2
0.003829003,4.9,5.2
9.79E-05,5,5.2
0.003212758,5.1,5.2
0.005446686,5.2,5.2
0.004581015,5.3,5.2
0.004392399,5.4,5.2
0.003762561,5.5,5.2
0.004274919,5.6,5.2
0.002393282,5.7,5.2
0.00300194,5.8,5.2
0.005765773,5.9,5.2
0.002136878,6,5.2
0.000609682,6.1,5.2
-0.000388364,6.2,5.2
-0.000368337,6.3,5.2
-0.000157182,6.4,5.2
0.002445183,6.5,5.2
0.000117202,6.6,5.2
0.000353315,6.7,5.2
-0.001965208,6.8,5.2
-0.003234195,6.9,5.2
-0.001502459,7,5.2
0.001699436,7.1,5.2
0.001673393,7.2,5.2
0.001059809,7.3,5.2
-0.001511408,7.4,5.2
-0.000549667,7.5,5.2
0.000234231,7.6,5.2
0.000228203,7.7,5.2
0.002666207,7.8,5.2
0.00277933,7.9,5.2
0.002779335,8,5.2
0.002739251,8.1,5.2
0.002764274,8.2,5.2
0.002764274,8.3,5.2
0.00284537,8.4,5.2
0.002885408,8.5,5.2
0.002972515,8.6,5.2
0.003136581,8.7,5.2
0.003390925,8.8,5.2
0.003390925,8.9,5.2
0.003404946,9,5.2
0.003398946,9.1,5.2
0.003532861,9.2,5.2
0.003554958,9.3,5.2
0.003025869,9.4,5.2
0.0030569,9.5,5.2
0.002915829,9.6,5.2
0.001818789,9.7,5.2
0.001935674,9.8,5.2
0.00188212,9.9,5.2
-0.000118924,10,5.2
-0.000720365,10.1,5.2
-0.000665339,10.2,5.2
0.00083813,10.3,5.2
0.00083813,10.4,5.2
-7.18E-05,10.5,5.2
-0.00057253,10.6,5.2
-0.00057253,10.7,5.2
-8.51E-05,10.8,5.2
0,10.9,5.2
0,11,5.2
0,11.1,5.2
0,11.2,5.2
0,11.3,5.2
0,11.4,5.2
0,11.5,5.2
0,11.6,5.2
0,11.7,5.2
0,11.8,5.2
0,11.9,5.2
0,12,5.2
0,12.1,5.2
0,12.2,5.2
0,12.3,5.2
0,12.4,5.2
0,12.5,5.2
0,12.6,5.2
0,12.7,5.2
0,12.8,5.2
0,12.9,5.2
0,13,5.2
0,13.1,5.2
0,13.2,5.2
0,13.3,5.2
0,13.4,5.2
0,13.5,5.2
0,13.6,5.2
0,13.7,5.2
0,13.8,5.2
0,13.9,5.2
0,14,5.2
0,14.1,5.2
0,14.2,5.2
0,14.3,5.2
0,14.4,5.2
0,14.5,5.2
0,14.6,5.2
0,14.7,5.2
0,14.8,5.2
0,14.9,5.2
0,15,5.2
-0.007407565,0.5,5.4
-0.012262971,0.6,5.4
-0.008556803,0.7,5.4
-0.009684731,0.8,5.4
-0.008465389,0.9,5.4
-0.005889283,1,5.4
-0.010311587,1.1,5.4
-0.003841213,1.2,5.4
-0.004289589,1.3,5.4
0.00148678,1.4,5.4
-0.000201639,1.5,5.4
0.002281598,1.6,5.4
0.005005569,1.7,5.4
0.008003976,1.8,5.4
0.006925184,1.9,5.4
0.00944994,2,5.4
0.008257763,2.1,5.4
0.012076026,2.2,5.4
0.001966436,2.3,5.4
0.007353641,2.4,5.4
0.005675032,2.5,5.4
0.005359037,2.6,5.4
0.009005087,2.7,5.4
0.013356317,2.8,5.4
0.017091626,2.9,5.4
0.012597759,3,5.4
0.00870778,3.1,5.4
0.008991476,3.2,5.4
0.005328367,3.3,5.4
0.002588554,3.4,5.4
0.002456433,3.5,5.4
0.002370351,3.6,5.4
0.005118682,3.7,5.4
0.006027995,3.8,5.4
0.000240156,3.9,5.4
-0.000733374,4,5.4
-0.003274824,4.1,5.4
0.00805861,4.2,5.4
0.005843455,4.3,5.4
0.008175621,4.4,5.4
0.009940038,4.5,5.4
0.006041441,4.6,5.4
0.008807166,4.7,5.4
0.009946475,4.8,5.4
0.007392143,4.9,5.4
0.003979708,5,5.4
0.004085864,5.1,5.4
0.001253176,5.2,5.4
0.004244649,5.3,5.4
0.004020856,5.4,5.4
0.004129036,5.5,5.4
0.002018969,5.6,5.4
0.003178049,5.7,5.4
0.003282985,5.8,5.4
0.002359149,5.9,5.4
0.005144412,6,5.4
0.000594198,6.1,5.4
-0.0007766,6.2,5.4
0.002339072,6.3,5.4
0.003272506,6.4,5.4
0.003555727,6.5,5.4
0.002593002,6.6,5.4
0.001448274,6.7,5.4
0.00281324,6.8,5.4
0.00084837,6.9,5.4
-0.000655395,7,5.4
-0.001423114,7.1,5.4
-0.004269009,7.2,5.4
-0.004586435,7.3,5.4
-0.00030127,7.4,5.4
-0.000267179,7.5,5.4
-0.002657704,7.6,5.4
-0.002591703,7.7,5.4
-0.00424226,7.8,5.4
-0.001830762,7.9,5.4
-0.000121273,8,5.4
-0.001200246,8.1,5.4
-0.001722843,8.2,5.4
0.000826504,8.3,5.4
0.001706445,8.4,5.4
0.000132036,8.5,5.4
0.001774498,8.6,5.4
0.001751491,8.7,5.4
0.001301896,8.8,5.4
0.001921575,8.9,5.4
0.001883507,9,5.4
0.002205972,9.1,5.4
0.002261017,9.2,5.4
0.001198662,9.3,5.4
0.002261872,9.4,5.4
0.002273872,9.5,5.4
0.001343035,9.6,5.4
0.001334997,9.7,5.4
0.001453993,9.8,5.4
0.001544077,9.9,5.4
0.002853797,10,5.4
0.000665634,10.1,5.4
0.000657662,10.2,5.4
0.00075173,10.3,5.4
0.000793725,10.4,5.4
0.00111657,10.5,5.4
0.001097542,10.6,5.4
0.001075524,10.7,5.4
-0.00080158,10.8,5.4
0.001196502,10.9,5.4
0.001451907,11,5.4
-0.000458385,11.1,5.4
-0.0010927,11.2,5.4
-0.0010927,11.3,5.4
-0.0010927,11.4,5.4
-0.001203782,11.5,5.4
-0.001319937,11.6,5.4
-0.001319937,11.7,5.4
-0.001319937,11.8,5.4
-0.001319933,11.9,5.4
-0.001181102,12,5.4
-0.001110973,12.1,5.4
0,12.2,5.4
-0.000999891,12.3,5.4
0,12.4,5.4
0,12.5,5.4
0,12.6,5.4
0,12.7,5.4
0,12.8,5.4
0,12.9,5.4
0,13,5.4
0,13.1,5.4
0,13.2,5.4
0,13.3,5.4
0,13.4,5.4
0,13.5,5.4
0,13.6,5.4
0,13.7,5.4
0,13.8,5.4
0,13.9,5.4
0,14,5.4
0,14.1,5.4
0,14.2,5.4
0,14.3,5.4
0,14.4,5.4
0,14.5,5.4
0,14.6,5.4
0,14.7,5.4
0,14.8,5.4
0,14.9,5.4
0,15,5.4
-0.007490773,0.5,5.6
-0.015269768,0.6,5.6
-0.012236032,0.7,5.6
-0.009844645,0.8,5.6
-0.009250013,0.9,5.6
-0.008084735,1,5.6
-0.007157373,1.1,5.6
-0.004250116,1.2,5.6
-0.000597603,1.3,5.6
-0.002653941,1.4,5.6
-0.002151444,1.5,5.6
0.00233677,1.6,5.6
0.004753817,1.7,5.6
0.007175252,1.8,5.6
0.006514851,1.9,5.6
0.008338423,2,5.6
0.010464228,2.1,5.6
0.010694949,2.2,5.6
0.006358696,2.3,5.6
0.007702383,2.4,5.6
0.003645622,2.5,5.6
0.006096289,2.6,5.6
0.005014305,2.7,5.6
0.009175693,2.8,5.6
0.006645204,2.9,5.6
0.006423113,3,5.6
0.005772205,3.1,5.6
0.006638857,3.2,5.6
0.009222833,3.3,5.6
0.006131459,3.4,5.6
0.006065755,3.5,5.6
0.005220249,3.6,5.6
0.002973237,3.7,5.6
0.003018311,3.8,5.6
0.00599393,3.9,5.6
0.004688146,4,5.6
0.004616369,4.1,5.6
0.004135252,4.2,5.6
0.002315815,4.3,5.6
0.00142095,4.4,5.6
0.002712186,4.5,5.6
0.001654988,4.6,5.6
0.002289569,4.7,5.6
0.002819249,4.8,5.6
0.000578083,4.9,5.6
-0.001814492,5,5.6
0.005044196,5.1,5.6
0.003547577,5.2,5.6
0.005500254,5.3,5.6
0.002593009,5.4,5.6
0.006596119,5.5,5.6
0.005421684,5.6,5.6
0.005661098,5.7,5.6
0.005142039,5.8,5.6
0.005550288,5.9,5.6
0.005706526,6,5.6
0.006226104,6.1,5.6
0.007559835,6.2,5.6
0.00333592,6.3,5.6
0.003745586,6.4,5.6
0.003335432,6.5,5.6
0.006960381,6.6,5.6
0.003566102,6.7,5.6
-0.000105194,6.8,5.6
0.002022113,6.9,5.6
0.001471198,7,5.6
-0.000478677,7.1,5.6
-0.000587613,7.2,5.6
-0.000629131,7.3,5.6
0.000578914,7.4,5.6
0.000533934,7.5,5.6
0.000286945,7.6,5.6
0.000622699,7.7,5.6
0.002897588,7.8,5.6
-0.005095678,7.9,5.6
-0.003785496,8,5.6
-0.003782476,8.1,5.6
0.000530906,8.2,5.6
0.000260436,8.3,5.6
0.001663741,8.4,5.6
-0.001211825,8.5,5.6
0.000159256,8.6,5.6
0.00219325,8.7,5.6
0.002258257,8.8,5.6
0.002433223,8.9,5.6
0.002232056,9,5.6
0.002481422,9.1,5.6
0.002583335,9.2,5.6
-0.000108244,9.3,5.6
-5.12E-06,9.4,5.6
-1.51E-05,9.5,5.6
0.001250124,9.6,5.6
0.001241048,9.7,5.6
0.001094852,9.8,5.6
0.00059927,9.9,5.6
0.001171617,10,5.6
0.002439616,10.1,5.6
0.002505638,10.2,5.6
0.001266465,10.3,5.6
-0.000241086,10.4,5.6
8.32E-05,10.5,5.6
0.000176225,10.6,5.6
0.000610808,10.7,5.6
0.000216225,10.8,5.6
0.000649818,10.9,5.6
0.00064781,11,5.6
0.000613778,11.1,5.6
0.000743686,11.2,5.6
0.000335134,11.3,5.6
0.000658966,11.4,5.6
0.001076516,11.5,5.6
0.001110543,11.6,5.6
-0.000847622,11.7,5.6
-0.000763701,11.8,5.6
-0.001434043,11.9,5.6
-0.001403021,12,5.6
-0.001423009,12.1,5.6
-0.001346951,12.2,5.6
-0.001273911,12.3,5.6
-0.001273911,12.4,5.6
-0.001273911,12.5,5.6
-0.001203782,12.6,5.6
-0.001203782,12.7,5.6
-0.001273911,12.8,5.6
-0.001273911,12.9,5.6
-0.001273911,13,5.6
-0.001319937,13.1,5.6
-0.001319933,13.2,5.6
-0.001273911,13.3,5.6
-0.001203782,13.4,5.6
-0.000999891,13.5,5.6
-0.001032683,13.6,5.6
-0.0010927,13.7,5.6
-0.000999891,13.8,5.6
-0.000999891,13.9,5.6
-0.0010927,14,5.6
-0.001032683,14.1,5.6
-0.000939874,14.2,5.6
-0.000999891,14.3,5.6
-0.001032683,14.4,5.6
-0.000627557,14.5,5.6
-0.000627557,14.6,5.6
-0.000627557,14.7,5.6
0,14.8,5.6
0,14.9,5.6
0,15,5.6
-0.007797843,0.5,5.8
-0.014456661,0.6,5.8
-0.010884107,0.7,5.8
-0.013480584,0.8,5.8
-0.008067755,0.9,5.8
-0.008517264,1,5.8
-0.007632625,1.1,5.8
-0.004018317,1.2,5.8
-0.001819821,1.3,5.8
-0.002590591,1.4,5.8
0.001019484,1.5,5.8
-0.000272374,1.6,5.8
0.002242469,1.7,5.8
0.004577581,1.8,5.8
0.001914192,1.9,5.8
0.002119084,2,5.8
0.004060746,2.1,5.8
0.004582874,2.2,5.8
0.006659611,2.3,5.8
0.007991541,2.4,5.8
0.003095957,2.5,5.8
0.007412294,2.6,5.8
0.007949035,2.7,5.8
0.010431373,2.8,5.8
0.00690151,2.9,5.8
0.007086206,3,5.8
0.005572499,3.1,5.8
0.006442237,3.2,5.8
0.008783531,3.3,5.8
0.00633605,3.4,5.8
0.010731674,3.5,5.8
0.009829311,3.6,5.8
0.005695478,3.7,5.8
0.007419335,3.8,5.8
0.009886174,3.9,5.8
0.008840785,4,5.8
0.009047335,4.1,5.8
0.004721918,4.2,5.8
0.004068139,4.3,5.8
0.007053033,4.4,5.8
0.001879856,4.5,5.8
0.002820549,4.6,5.8
0.00216155,4.7,5.8
0.002698458,4.8,5.8
0.002339605,4.9,5.8
0.003014757,5,5.8
0.00168736,5.1,5.8
0.000557404,5.2,5.8
-0.001092738,5.3,5.8
-0.002405554,5.4,5.8
0.003768086,5.5,5.8
-0.001418524,5.6,5.8
0.000951184,5.7,5.8
0.002158395,5.8,5.8
0.000503579,5.9,5.8
0.005948948,6,5.8
0.005234842,6.1,5.8
0.004130533,6.2,5.8
0.006492166,6.3,5.8
0.004121654,6.4,5.8
0.004707931,6.5,5.8
0.006489323,6.6,5.8
0.005497846,6.7,5.8
0.006390646,6.8,5.8
0.006499051,6.9,5.8
0.002339854,7,5.8
0.002919039,7.1,5.8
0.004220442,7.2,5.8
0.002365758,7.3,5.8
-0.001241488,7.4,5.8
0.000887749,7.5,5.8
-0.004649528,7.6,5.8
-0.002782255,7.7,5.8
-0.003677329,7.8,5.8
-0.000768139,7.9,5.8
-0.00082955,8,5.8
-1.21E-05,8.1,5.8
-0.00299616,8.2,5.8
-0.000250671,8.3,5.8
-0.001265623,8.4,5.8
-0.000789202,8.5,5.8
0.000108562,8.6,5.8
0.003780952,8.7,5.8
0.001470836,8.8,5.8
0.000332729,8.9,5.8
-0.000948491,9,5.8
-0.002442105,9.1,5.8
-0.000162763,9.2,5.8
0.001003351,9.3,5.8
-0.000311077,9.4,5.8
0.0027837,9.5,5.8
-0.00034927,9.6,5.8
0.002808685,9.7,5.8
0.003169791,9.8,5.8
0.003103769,9.9,5.8
0.003031827,10,5.8
0.003612288,10.1,5.8
0.002668385,10.2,5.8
0.003182794,10.3,5.8
0.003188685,10.4,5.8
0.002993629,10.5,5.8
0.002186742,10.6,5.8
0.001439137,10.7,5.8
-0.000486697,10.8,5.8
-0.000496801,10.9,5.8
-0.001096389,11,5.8
-0.001258495,11.1,5.8
-0.001248532,11.2,5.8
-0.001159442,11.3,5.8
-0.001234547,11.4,5.8
-0.001200495,11.5,5.8
-0.001017228,11.6,5.8
-0.00110139,11.7,5.8
-0.001081446,11.8,5.8
-0.000876291,11.9,5.8
-0.000815295,12,5.8
-0.000718169,12.1,5.8
-0.000267649,12.2,5.8
-0.001804409,12.3,5.8
-0.001858404,12.4,5.8
-0.002301954,12.5,5.8
-0.001888406,12.6,5.8
-0.001644246,12.7,5.8
-0.001796344,12.8,5.8
-0.00174536,12.9,5.8
-0.001530127,13,5.8
-0.001434064,13.1,5.8
-0.001434064,13.2,5.8
-0.001434064,13.3,5.8
-0.001449063,13.4,5.8
-0.001398015,13.5,5.8
-0.001434043,13.6,5.8
-0.001434064,13.7,5.8
-0.001434064,13.8,5.8
-0.001398015,13.9,5.8
-0.001398015,14,5.8
-0.001434043,14.1,5.8
-0.001403021,14.2,5.8
-0.001346951,14.3,5.8
-0.001346951,14.4,5.8
-0.001370973,14.5,5.8
-0.001319937,14.6,5.8
-0.001319937,14.7,5.8
-0.001319937,14.8,5.8
-0.001319933,14.9,5.8
-0.001181102,15,5.8
-0.009334981,0.5,6
-0.01475111,0.6,6
-0.012743839,0.7,6
-0.010934202,0.8,6
-0.007642392,0.9,6
-0.008447134,1,6
-0.010657768,1.1,6
-0.002821853,1.2,6
-0.001853298,1.3,6
-0.006849007,1.4,6
0.001276303,1.5,6
-5.13E-05,1.6,6
0.003646845,1.7,6
0.002876259,1.8,6
0.002292095,1.9,6
0.000209855,2,6
-0.000132211,2.1,6
0.00140777,2.2,6
0.003134781,2.3,6
0.004896788,2.4,6
0.004654469,2.5,6
0.006184452,2.6,6
0.006641838,2.7,6
0.006587533,2.8,6
0.006935487,2.9,6
0.006684229,3,6
0.005278816,3.1,6
0.006211955,3.2,6
0.004834052,3.3,6
0.008321666,3.4,6
0.006738669,3.5,6
0.006915516,3.6,6
0.008645639,3.7,6
0.006778744,3.8,6
0.009798535,3.9,6
0.009730379,4,6
0.006990155,4.1,6
0.009723644,4.2,6
0.010301601,4.3,6
0.005899857,4.4,6
0.006274573,4.5,6
0.00136126,4.6,6
0.002329745,4.7,6
0.003264185,4.8,6
-0.00058737,4.9,6
0.001789022,5,6
-0.000977713,5.1,6
0.000809682,5.2,6
-0.001613657,5.3,6
0.002506529,5.4,6
0.000292278,5.5,6
0.001109511,5.6,6
-0.001541114,5.7,6
0.001039119,5.8,6
0.002495445,5.9,6
0.004845208,6,6
0.004433672,6.1,6
0.000575445,6.2,6
0.000678469,6.3,6
0.00430358,6.4,6
0.002201746,6.5,6
0.00194754,6.6,6
0.005769185,6.7,6
0.004107712,6.8,6
0.001613679,6.9,6
0.001332857,7,6
0.004915151,7.1,6
0.003338197,7.2,6
0.005504964,7.3,6
0.004901868,7.4,6
0.003204463,7.5,6
0.005964201,7.6,6
0.005071761,7.7,6
0.004508254,7.8,6
0.006838704,7.9,6
0.00148476,8,6
0.004920951,8.1,6
0.005457639,8.2,6
0.004355327,8.3,6
0.004098877,8.4,6
0.006143883,8.5,6
0.007995813,8.6,6
0.007695025,8.7,6
0.003861161,8.8,6
0.000711056,8.9,6
0.00218521,9,6
-0.000241443,9.1,6
-0.00015483,9.2,6
-0.000455172,9.3,6
0.000650694,9.4,6
-0.001708027,9.5,6
-0.001780898,9.6,6
-0.001613912,9.7,6
-0.00074174,9.8,6
-0.000479779,9.9,6
0.000102036,10,6
-0.004078579,10.1,6
0.001120837,10.2,6
0.002566595,10.3,6
0.002792161,10.4,6
0.002140725,10.5,6
0.002235828,10.6,6
0.002127739,10.7,6
0.00375823,10.8,6
0.006734976,10.9,6
0.004860639,11,6
0.006666401,11.1,6
0.007491292,11.2,6
0.007424341,11.3,6
0.007727888,11.4,6
0.004332638,11.5,6
0.004898658,11.6,6
0.004197797,11.7,6
0.003109282,11.8,6
-0.000397359,11.9,6
-9.81E-05,12,6
0.003695718,12.1,6
7.61E-05,12.2,6
0.000164953,12.3,6
-0.004622679,12.4,6
0.000231137,12.5,6
-0.004135208,12.6,6
-0.004131197,12.7,6
-0.003879396,12.8,6
-0.00385732,12.9,6
-0.003896376,13,6
-0.003849343,13.1,6
-0.002529116,13.2,6
-0.002579142,13.3,6
-0.002572133,13.4,6
-0.002525178,13.5,6
-0.0024591,13.6,6
-0.002515133,13.7,6
-0.002496127,13.8,6
-0.002447034,13.9,6
-0.002520093,14,6
-0.002485122,14.1,6
-0.002456026,14.2,6
-0.002376915,14.3,6
-0.002408978,14.4,6
-0.002245959,14.5,6
-0.001728386,14.6,6
-0.001795368,14.7,6
-0.001653281,14.8,6
-0.001734344,14.9,6
-0.001637283,15,6
-0.010756982,0.5,6.2
-0.012675628,0.6,6.2
-0.010727724,0.7,6.2
-0.012023325,0.8,6.2
-0.008695577,0.9,6.2
-0.010773107,1,6.2
-0.007775537,1.1,6.2
-0.00588203,1.2,6.2
-0.006922157,1.3,6.2
-0.008737208,1.4,6.2
-0.000591825,1.5,6.2
-0.003169864,1.6,6.2
-0.000465798,1.7,6.2
0.00243662,1.8,6.2
-7.25E-05,1.9,6.2
-0.001939653,2,6.2
-0.003318813,2.1,6.2
0.003667483,2.2,6.2
0.002758566,2.3,6.2
-0.000233974,2.4,6.2
0.001202108,2.5,6.2
0.001569267,2.6,6.2
0.005559943,2.7,6.2
0.008288534,2.8,6.2
0.011754007,2.9,6.2
0.003340706,3,6.2
0.00663087,3.1,6.2
0.003161824,3.2,6.2
0.004923829,3.3,6.2
0.005070853,3.4,6.2
0.003840886,3.5,6.2
0.00403702,3.6,6.2
0.003657263,3.7,6.2
0.003658364,3.8,6.2
0.007316335,3.9,6.2
0.008223249,4,6.2
0.007701423,4.1,6.2
0.012803657,4.2,6.2
0.008397684,4.3,6.2
0.011334257,4.4,6.2
0.003753099,4.5,6.2
0.007077724,4.6,6.2
0.00750679,4.7,6.2
0.004158247,4.8,6.2
0.006981804,4.9,6.2
0.004358932,5,6.2
0.007473965,5.1,6.2
0.006603114,5.2,6.2
0.007816151,5.3,6.2
0.00449908,5.4,6.2
0.004273521,5.5,6.2
0.002896679,5.6,6.2
0.002297374,5.7,6.2
0.00387215,5.8,6.2
0.000184526,5.9,6.2
0.002937371,6,6.2
0.004186209,6.1,6.2
0.006385573,6.2,6.2
0.000707349,6.3,6.2
0.000701995,6.4,6.2
-0.002483899,6.5,6.2
0.000709487,6.6,6.2
0.000795756,6.7,6.2
-0.003574832,6.8,6.2
-0.00381371,6.9,6.2
-0.000861987,7,6.2
0.000157468,7.1,6.2
0.00285966,7.2,6.2
0.001255074,7.3,6.2
0.001781151,7.4,6.2
0.006098477,7.5,6.2
0.003903198,7.6,6.2
0.002500203,7.7,6.2
0.002616627,7.8,6.2
0.002287925,7.9,6.2
0.00320482,8,6.2
-0.000322542,8.1,6.2
-0.001151893,8.2,6.2
-0.00107912,8.3,6.2
0.000401624,8.4,6.2
-0.001009335,8.5,6.2
-0.001666918,8.6,6.2
-0.001271545,8.7,6.2
0.000586582,8.8,6.2
-0.00048685,8.9,6.2
0.001422843,9,6.2
0.001019504,9.1,6.2
-0.001112363,9.2,6.2
0.002430145,9.3,6.2
-0.001491377,9.4,6.2
0.000425692,9.5,6.2
0.000215472,9.6,6.2
0.002765957,9.7,6.2
0.001539859,9.8,6.2
-0.000447984,9.9,6.2
0.003110824,10,6.2
-0.002898018,10.1,6.2
-0.001207336,10.2,6.2
0.00108733,10.3,6.2
-0.001412792,10.4,6.2
-0.001694533,10.5,6.2
0.000176387,10.6,6.2
-0.003173928,10.7,6.2
-0.002398271,10.8,6.2
-0.004037333,10.9,6.2
-0.001423132,11,6.2
-0.002051848,11.1,6.2
-0.000177662,11.2,6.2
-0.000437099,11.3,6.2
0.000228887,11.4,6.2
0.000310163,11.5,6.2
-0.000294556,11.6,6.2
0.001199284,11.7,6.2
0.004444528,11.8,6.2
0.002566576,11.9,6.2
0.006018806,12,6.2
0.004447781,12.1,6.2
0.005305497,12.2,6.2
0.004603485,12.3,6.2
0.005806999,12.4,6.2
0.004709088,12.5,6.2
0.003853157,12.6,6.2
0.002481414,12.7,6.2
0.002479365,12.8,6.2
-0.000213766,12.9,6.2
-0.000218737,13,6.2
-0.0001956,13.1,6.2
-0.00010354,13.2,6.2
-4.66E-05,13.3,6.2
-0.000160728,13.4,6.2
-0.001950816,13.5,6.2
-0.002084904,13.6,6.2
-0.002155848,13.7,6.2
-0.000661572,13.8,6.2
-0.000759556,13.9,6.2
-0.000732584,14,6.2
-0.00072448,14.1,6.2
0.00156848,14.2,6.2
0.001802707,14.3,6.2
-0.000212625,14.4,6.2
-0.004710062,14.5,6.2
-0.004697124,14.6,6.2
-0.004765067,14.7,6.2
8.56E-05,14.8,6.2
-0.00472103,14.9,6.2
-0.004637136,15,6.2
-0.008580284,0.5,6.4
-0.009136656,0.6,6.4
-0.010038362,0.7,6.4
-0.012816833,0.8,6.4
-0.00969651,0.9,6.4
-0.009449007,1,6.4
-0.012609682,1.1,6.4
-0.007425661,1.2,6.4
-0.007332979,1.3,6.4
-0.009431386,1.4,6.4
-0.006498034,1.5,6.4
-0.001900926,1.6,6.4
0.001853114,1.7,6.4
-0.001240984,1.8,6.4
0.000589272,1.9,6.4
-0.003910252,2,6.4
0.002085574,2.1,6.4
-0.001903435,2.2,6.4
-0.000709418,2.3,6.4
0.002770904,2.4,6.4
0.001232444,2.5,6.4
0.00159653,2.6,6.4
0.004956181,2.7,6.4
0.001722215,2.8,6.4
0.00575135,2.9,6.4
0.006479661,3,6.4
0.006597257,3.1,6.4
0.008403355,3.2,6.4
0.006718935,3.3,6.4
0.00625522,3.4,6.4
0.00303056,3.5,6.4
0.002549857,3.6,6.4
0.002658151,3.7,6.4
0.003905856,3.8,6.4
0.004738271,3.9,6.4
0.006889873,4,6.4
0.005225253,4.1,6.4
0.004875757,4.2,6.4
0.005500081,4.3,6.4
0.007100292,4.4,6.4
0.00311814,4.5,6.4
0.007282557,4.6,6.4
0.001045226,4.7,6.4
0.005834829,4.8,6.4
0.006414939,4.9,6.4
0.00853764,5,6.4
0.010874942,5.1,6.4
0.009503198,5.2,6.4
0.009388735,5.3,6.4
0.009607446,5.4,6.4
0.004756589,5.5,6.4
0.00412595,5.6,6.4
0.004647536,5.7,6.4
0.006730081,5.8,6.4
0.004311861,5.9,6.4
0.006947467,6,6.4
0.006019188,6.1,6.4
0.005339949,6.2,6.4
0.00484338,6.3,6.4
0.004220553,6.4,6.4
0.007656019,6.5,6.4
0.006681148,6.6,6.4
0.005717333,6.7,6.4
0.006228611,6.8,6.4
0.003601264,6.9,6.4
0.001801021,7,6.4
0.003298645,7.1,6.4
0.002820921,7.2,6.4
0.004125058,7.3,6.4
0.005483445,7.4,6.4
0.008956483,7.5,6.4
0.010597378,7.6,6.4
0.008363502,7.7,6.4
0.006827,7.8,6.4
0.006192186,7.9,6.4
0.005462286,8,6.4
0.005157733,8.1,6.4
0.007169263,8.2,6.4
0.003606496,8.3,6.4
0.007207648,8.4,6.4
0.004050773,8.5,6.4
0.005395035,8.6,6.4
0.002194071,8.7,6.4
0.002716515,8.8,6.4
0.000878547,8.9,6.4
0.005831538,9,6.4
0.004799825,9.1,6.4
0.003237221,9.2,6.4
0.003303537,9.3,6.4
0.006457515,9.4,6.4
0.008563185,9.5,6.4
0.004705809,9.6,6.4
0.006419899,9.7,6.4
0.005289105,9.8,6.4
0.003656254,9.9,6.4
0.003633364,10,6.4
0.003190855,10.1,6.4
0.004766328,10.2,6.4
0.00096447,10.3,6.4
0.001206801,10.4,6.4
0.000355713,10.5,6.4
-0.000375214,10.6,6.4
-0.001800867,10.7,6.4
-0.001388835,10.8,6.4
-0.00227015,10.9,6.4
-0.005209451,11,6.4
-0.002336162,11.1,6.4
-0.003702345,11.2,6.4
-0.005212898,11.3,6.4
-0.003998258,11.4,6.4
-0.002924555,11.5,6.4
-0.003170558,11.6,6.4
-0.002909522,11.7,6.4
-0.001899467,11.8,6.4
-0.001591304,11.9,6.4
-0.002397751,12,6.4
-0.001994276,12.1,6.4
-0.00118895,12.2,6.4
-0.00042473,12.3,6.4
-0.002369897,12.4,6.4
-0.002455164,12.5,6.4
-0.004106792,12.6,6.4
0.000768629,12.7,6.4
-0.001779239,12.8,6.4
0.001229917,12.9,6.4
-0.001278656,13,6.4
0.001873025,13.1,6.4
0.000271313,13.2,6.4
0.000467361,13.3,6.4
-0.000184509,13.4,6.4
-0.000803036,13.5,6.4
0.00274097,13.6,6.4
-0.000571457,13.7,6.4
-0.004006687,13.8,6.4
-0.002442501,13.9,6.4
-0.005736555,14,6.4
-0.003126331,14.1,6.4
-0.003083683,14.2,6.4
-0.002227927,14.3,6.4
-0.003911461,14.4,6.4
-0.00254763,14.5,6.4
-0.002372021,14.6,6.4
-0.003281516,14.7,6.4
-0.001814653,14.8,6.4
-0.00404442,14.9,6.4
-0.002577767,15,6.4
-0.005528632,0.5,6.6
-0.008587775,0.6,6.6
-0.009468073,0.7,6.6
-0.013326115,0.8,6.6
-0.013485573,0.9,6.6
-0.010826474,1,6.6
-0.012633985,1.1,6.6
-0.011368176,1.2,6.6
-0.008027018,1.3,6.6
-0.008493111,1.4,6.6
-0.009541585,1.5,6.6
-0.004403247,1.6,6.6
-0.001845686,1.7,6.6
-0.003355309,1.8,6.6
-0.003454166,1.9,6.6
-0.002543405,2,6.6
-0.004779761,2.1,6.6
-0.002089428,2.2,6.6
0.002187532,2.3,6.6
0.001158785,2.4,6.6
0.000498785,2.5,6.6
-0.001487946,2.6,6.6
-0.000509303,2.7,6.6
0.003916031,2.8,6.6
0.005551845,2.9,6.6
0.005542532,3,6.6
0.006374698,3.1,6.6
0.007692471,3.2,6.6
0.005731821,3.3,6.6
0.009898754,3.4,6.6
0.009087145,3.5,6.6
0.007959499,3.6,6.6
0.006897512,3.7,6.6
0.004617555,3.8,6.6
0.001224287,3.9,6.6
0.004735752,4,6.6
0.007768242,4.1,6.6
0.004612493,4.2,6.6
0.003534924,4.3,6.6
0.004836093,4.4,6.6
0.00516767,4.5,6.6
0.005563972,4.6,6.6
0.003157654,4.7,6.6
0.004710263,4.8,6.6
0.003145372,4.9,6.6
0.000501666,5,6.6
0.004244442,5.1,6.6
0.002740523,5.2,6.6
0.004334853,5.3,6.6
0.003867693,5.4,6.6
0.002520588,5.5,6.6
0.004960784,5.6,6.6
0.000514532,5.7,6.6
0.003131087,5.8,6.6
0.000916801,5.9,6.6
0.001758289,6,6.6
-0.002154549,6.1,6.6
-0.000258509,6.2,6.6
0.00081129,6.3,6.6
0.002465206,6.4,6.6
0.001296117,6.5,6.6
0.003456595,6.6,6.6
0.001936322,6.7,6.6
0.003474124,6.8,6.6
0.002160688,6.9,6.6
0.004655151,7,6.6
0.00489146,7.1,6.6
0.002696659,7.2,6.6
0.004822355,7.3,6.6
0.004045751,7.4,6.6
0.003271619,7.5,6.6
0.004973476,7.6,6.6
0.003309936,7.7,6.6
0.002785896,7.8,6.6
0.004985825,7.9,6.6
0.004162387,8,6.6
0.00615509,8.1,6.6
0.005456141,8.2,6.6
0.003022816,8.3,6.6
0.004782659,8.4,6.6
0.006937881,8.5,6.6
0.004947363,8.6,6.6
0.004836355,8.7,6.6
0.006152968,8.8,6.6
0.008483791,8.9,6.6
0.010398588,9,6.6
0.010144273,9.1,6.6
0.010235667,9.2,6.6
0.010108699,9.3,6.6
0.009361646,9.4,6.6
0.01205077,9.5,6.6
0.009331027,9.6,6.6
0.011185822,9.7,6.6
0.008564676,9.8,6.6
0.009155933,9.9,6.6
0.009775274,10,6.6
0.011923327,10.1,6.6
0.007198281,10.2,6.6
0.007178138,10.3,6.6
0.009131455,10.4,6.6
0.006061956,10.5,6.6
0.009102308,10.6,6.6
0.008197322,10.7,6.6
0.009084301,10.8,6.6
0.00695012,10.9,6.6
0.006373629,11,6.6
0.006252638,11.1,6.6
0.003864868,11.2,6.6
0.002764438,11.3,6.6
0.0018042,11.4,6.6
0.00461971,11.5,6.6
0.001935608,11.6,6.6
0.002310859,11.7,6.6
0.002909691,11.8,6.6
0.001030406,11.9,6.6
-1.02E-05,12,6.6
0.001702186,12.1,6.6
-0.002098127,12.2,6.6
0.000253868,12.3,6.6
-0.002165298,12.4,6.6
-0.00228927,12.5,6.6
-0.001690009,12.6,6.6
-0.00309973,12.7,6.6
-0.004918578,12.8,6.6
-0.005012425,12.9,6.6
-0.004719775,13,6.6
-0.003725148,13.1,6.6
-0.00596592,13.2,6.6
-0.005661999,13.3,6.6
-0.003751017,13.4,6.6
-0.006128974,13.5,6.6
-0.004786628,13.6,6.6
-0.003322878,13.7,6.6
-0.002582988,13.8,6.6
-0.002761215,13.9,6.6
-0.003454464,14,6.6
-0.001831747,14.1,6.6
-0.001510913,14.2,6.6
-0.003254671,14.3,6.6
-0.004164993,14.4,6.6
-0.005174273,14.5,6.6
-0.003996529,14.6,6.6
-0.002563303,14.7,6.6
-0.002455479,14.8,6.6
-0.004298615,14.9,6.6
-0.003205353,15,6.6
-0.004481021,0.5,6.8
-0.010346782,0.6,6.8
-0.010808546,0.7,6.8
-0.012294516,0.8,6.8
-0.011742889,0.9,6.8
-0.014039697,1,6.8
-0.015790576,1.1,6.8
-0.013135361,1.2,6.8
-0.011998028,1.3,6.8
-0.010991552,1.4,6.8
-0.011404664,1.5,6.8
-0.00591064,1.6,6.8
-0.002552153,1.7,6.8
-0.002586872,1.8,6.8
-0.004372836,1.9,6.8
-0.005200595,2,6.8
-0.004812286,2.1,6.8
-0.004841987,2.2,6.8
-0.003396856,2.3,6.8
-0.005214022,2.4,6.8
-0.002491025,2.5,6.8
-0.001047263,2.6,6.8
-0.005266154,2.7,6.8
-0.002949561,2.8,6.8
-0.001543474,2.9,6.8
0.002040136,3,6.8
0.001415342,3.1,6.8
0.002422015,3.2,6.8
-0.000771268,3.3,6.8
0.001739247,3.4,6.8
0.002766943,3.5,6.8
0.005475099,3.6,6.8
0.002401095,3.7,6.8
0.004856628,3.8,6.8
0.00857398,3.9,6.8
0.007256119,4,6.8
0.006761724,4.1,6.8
0.006268875,4.2,6.8
0.009698338,4.3,6.8
0.003185758,4.4,6.8
0.004317308,4.5,6.8
0.003945863,4.6,6.8
0.003032609,4.7,6.8
0.003965168,4.8,6.8
0.003495356,4.9,6.8
0.003941869,5,6.8
0.002036541,5.1,6.8
0.004504801,5.2,6.8
0.00318985,5.3,6.8
0.005536233,5.4,6.8
0.006221023,5.5,6.8
0.007603544,5.6,6.8
0.00632262,5.7,6.8
0.005084121,5.8,6.8
0.004340222,5.9,6.8
0.003953017,6,6.8
-0.00038804,6.1,6.8
0.003504123,6.2,6.8
0.004904089,6.3,6.8
0.003841253,6.4,6.8
-0.001109653,6.5,6.8
-0.002147088,6.6,6.8
-0.003097772,6.7,6.8
0.000386272,6.8,6.8
-0.000787152,6.9,6.8
-0.000995954,7,6.8
-0.000372696,7.1,6.8
-0.003935817,7.2,6.8
-0.0006598,7.3,6.8
0.000706566,7.4,6.8
-0.000873272,7.5,6.8
-0.000257995,7.6,6.8
-0.001033482,7.7,6.8
0.001605355,7.8,6.8
-0.001721184,7.9,6.8
0.000300123,8,6.8
0.001112546,8.1,6.8
-0.001483235,8.2,6.8
-0.000586056,8.3,6.8
0.000744365,8.4,6.8
0.001758121,8.5,6.8
0.004056506,8.6,6.8
0.003545104,8.7,6.8
0.004153885,8.8,6.8
0.004350077,8.9,6.8
0.004852439,9,6.8
0.006009289,9.1,6.8
0.005287247,9.2,6.8
0.006744572,9.3,6.8
0.007105284,9.4,6.8
0.004390969,9.5,6.8
0.007555002,9.6,6.8
0.007770136,9.7,6.8
0.007821369,9.8,6.8
0.008698294,9.9,6.8
0.007292999,10,6.8
0.006504917,10.1,6.8
0.007351574,10.2,6.8
0.008422366,10.3,6.8
0.009572895,10.4,6.8
0.009809792,10.5,6.8
0.012839509,10.6,6.8
0.009334433,10.7,6.8
0.00878329,10.8,6.8
0.008977182,10.9,6.8
0.008756419,11,6.8
0.01292162,11.1,6.8
0.0134056,11.2,6.8
0.011735064,11.3,6.8
0.009539687,11.4,6.8
0.010338795,11.5,6.8
0.010327805,11.6,6.8
0.009505902,11.7,6.8
0.007804716,11.8,6.8
0.008731105,11.9,6.8
0.005306824,12,6.8
0.007186303,12.1,6.8
0.008967686,12.2,6.8
0.005851047,12.3,6.8
0.004844772,12.4,6.8
0.006490138,12.5,6.8
0.002281274,12.6,6.8
0.00453451,12.7,6.8
0.004345833,12.8,6.8
0.00469916,12.9,6.8
0.004312392,13,6.8
0.005146894,13.1,6.8
0.004523604,13.2,6.8
0.006793939,13.3,6.8
0.005118559,13.4,6.8
0.004007573,13.5,6.8
0.005744942,13.6,6.8
-0.000734194,13.7,6.8
-0.002352442,13.8,6.8
-0.002240438,13.9,6.8
-0.002188251,14,6.8
-0.002721761,14.1,6.8
-0.003486369,14.2,6.8
-0.002796388,14.3,6.8
0.000644881,14.4,6.8
0.001010609,14.5,6.8
-0.000802787,14.6,6.8
-0.000581018,14.7,6.8
-0.000197622,14.8,6.8
-0.002972056,14.9,6.8
-0.000459644,15,6.8
-0.001285801,0.5,7
-0.007659161,0.6,7
-0.010416741,0.7,7
-0.01025043,0.8,7
-0.012221317,0.9,7
-0.013640842,1,7
-0.012059252,1.1,7
-0.011428829,1.2,7
-0.012396124,1.3,7
-0.008621414,1.4,7
-0.009013922,1.5,7
-0.005943514,1.6,7
-0.002921391,1.7,7
-0.000238933,1.8,7
0.000132886,1.9,7
-0.003056936,2,7
-0.003354785,2.1,7
-0.003867637,2.2,7
-0.003711131,2.3,7
-0.003009798,2.4,7
-0.00481599,2.5,7
-0.003110648,2.6,7
-0.003995246,2.7,7
-0.002929215,2.8,7
0.000177223,2.9,7
0.000613537,3,7
0.000207477,3.1,7
0.003583519,3.2,7
0.001222375,3.3,7
0.002173516,3.4,7
0.001189136,3.5,7
-7.78E-05,3.6,7
0.001819575,3.7,7
0.002717328,3.8,7
0.005865251,3.9,7
0.004912036,4,7
0.006416945,4.1,7
0.003829567,4.2,7
0.004897404,4.3,7
0.003624775,4.4,7
0.00586641,4.5,7
0.005985029,4.6,7
0.007696276,4.7,7
0.006573999,4.8,7
0.006870394,4.9,7
0.009545221,5,7
0.004415907,5.1,7
0.003238412,5.2,7
0.003450894,5.3,7
0.006549004,5.4,7
0.001263774,5.5,7
0.000761365,5.6,7
-0.000842645,5.7,7
-0.00026222,5.8,7
0.002751767,5.9,7
0.000418158,6,7
0.002896271,6.1,7
0.000510733,6.2,7
0.002936618,6.3,7
0.004278187,6.4,7
0.003697565,6.5,7
0.002872446,6.6,7
0.003302262,6.7,7
0.00133456,6.8,7
0.001918805,6.9,7
0.004911559,7,7
0.005053458,7.1,7
0.00643283,7.2,7
0.004192808,7.3,7
0.00331,7.4,7
0.002687911,7.5,7
0.002286858,7.6,7
0.001939928,7.7,7
0.002211879,7.8,7
0.001011603,7.9,7
0.002808499,8,7
0.000490087,8.1,7
0.002969118,8.2,7
0.000440153,8.3,7
0.002527337,8.4,7
0.000266025,8.5,7
0.001977843,8.6,7
0.000357173,8.7,7
0.000192901,8.8,7
0.001291281,8.9,7
-1.22E-05,9,7
-0.001395759,9.1,7
0.002899728,9.2,7
0.003000029,9.3,7
0.004078404,9.4,7
0.003237762,9.5,7
0.003722082,9.6,7
0.002087131,9.7,7
0.005651559,9.8,7
0.005738035,9.9,7
0.004084157,10,7
0.004762745,10.1,7
0.006156141,10.2,7
0.006811552,10.3,7
0.005953636,10.4,7
0.005512909,10.5,7
0.007013916,10.6,7
0.005506268,10.7,7
0.004397946,10.8,7
0.003345206,10.9,7
0.006119694,11,7
0.004670124,11.1,7
0.003984445,11.2,7
0.003441803,11.3,7
0.00488093,11.4,7
0.007094236,11.5,7
0.006609534,11.6,7
0.004958579,11.7,7
0.00565096,11.8,7
0.007571345,11.9,7
0.005758559,12,7
0.005089007,12.1,7
0.006603916,12.2,7
0.006662451,12.3,7
0.006205546,12.4,7
0.006183473,12.5,7
0.004686795,12.6,7
0.006369536,12.7,7
0.004925266,12.8,7
0.003669815,12.9,7
0.005292002,13,7
0.006722951,13.1,7
0.000546116,13.2,7
0.002345211,13.3,7
0.002204272,13.4,7
0.001143164,13.5,7
0.002521951,13.6,7
0.003992715,13.7,7
0.003817649,13.8,7
0.004695556,13.9,7
0.005087747,14,7
0.005324483,14.1,7
0.00640319,14.2,7
0.006336078,14.3,7
0.005433456,14.4,7
0.005659421,14.5,7
0.006313193,14.6,7
0.007981756,14.7,7
0.008826253,14.8,7
0.005895841,14.9,7
0.008314946,15,7
0.000728817,0.5,7.2
-0.00469134,0.6,7.2
-0.00925049,0.7,7.2
-0.009510133,0.8,7.2
-0.00934019,0.9,7.2
-0.008712331,1,7.2
-0.010792604,1.1,7.2
-0.005345464,1.2,7.2
-0.006008017,1.3,7.2
-0.0100558,1.4,7.2
-0.003416651,1.5,7.2
-0.004752034,1.6,7.2
-0.003639635,1.7,7.2
0.000390555,1.8,7.2
-0.000981043,1.9,7.2
-0.002182932,2,7.2
-0.006374098,2.1,7.2
-0.0019016,2.2,7.2
-0.002877682,2.3,7.2
-0.002971242,2.4,7.2
-0.003541234,2.5,7.2
-0.004666017,2.6,7.2
-0.000764374,2.7,7.2
-0.000891076,2.8,7.2
-0.00013303,2.9,7.2
0.001169876,3,7.2
0.00051956,3.1,7.2
-0.000352826,3.2,7.2
0.002842189,3.3,7.2
0.000816474,3.4,7.2
0.00225702,3.5,7.2
0.002181462,3.6,7.2
0.000667584,3.7,7.2
0.002090617,3.8,7.2
0.003736498,3.9,7.2
0.00563124,4,7.2
0.001785513,4.1,7.2
0.003805381,4.2,7.2
0.005434233,4.3,7.2
0.007100926,4.4,7.2
0.006346595,4.5,7.2
0.010820327,4.6,7.2
0.006157835,4.7,7.2
0.0067911,4.8,7.2
0.00730689,4.9,7.2
0.006319077,5,7.2
0.00668867,5.1,7.2
0.007183199,5.2,7.2
0.005341681,5.3,7.2
0.004778182,5.4,7.2
0.005736161,5.5,7.2
0.002838917,5.6,7.2
0.003491862,5.7,7.2
0.003287626,5.8,7.2
0.002045253,5.9,7.2
0.001090579,6,7.2
0.003971247,6.1,7.2
0.002600979,6.2,7.2
0.000483693,6.3,7.2
-0.000947369,6.4,7.2
0.001086594,6.5,7.2
0.003995055,6.6,7.2
0.001276603,6.7,7.2
-0.000342068,6.8,7.2
0.004472956,6.9,7.2
-0.002123666,7,7.2
0.002557156,7.1,7.2
0.00021588,7.2,7.2
0.001794834,7.3,7.2
0.002115968,7.4,7.2
0.00129062,7.5,7.2
-0.000188059,7.6,7.2
0.001152629,7.7,7.2
9.74E-05,7.8,7.2
-0.000794312,7.9,7.2
-0.000849751,8,7.2
-0.00040525,8.1,7.2
-0.001428853,8.2,7.2
-0.000411022,8.3,7.2
0.001194942,8.4,7.2
0.003142194,8.5,7.2
0.006445896,8.6,7.2
0.006159684,8.7,7.2
0.005664497,8.8,7.2
0.004650788,8.9,7.2
0.002494472,9,7.2
0.002580321,9.1,7.2
0.001903581,9.2,7.2
0.001648628,9.3,7.2
0.002515425,9.4,7.2
0.002272255,9.5,7.2
0.001999827,9.6,7.2
0.002889457,9.7,7.2
0.004822292,9.8,7.2
0.003684707,9.9,7.2
0.001607996,10,7.2
0.002861763,10.1,7.2
0.005681749,10.2,7.2
0.004366923,10.3,7.2
0.00559345,10.4,7.2
0.005033839,10.5,7.2
0.003800393,10.6,7.2
0.004072757,10.7,7.2
0.005910936,10.8,7.2
0.003126258,10.9,7.2
0.00506377,11,7.2
0.005419502,11.1,7.2
0.005192232,11.2,7.2
0.005711323,11.3,7.2
0.005992166,11.4,7.2
0.009124557,11.5,7.2
0.008192246,11.6,7.2
0.006826094,11.7,7.2
0.006478132,11.8,7.2
0.005967441,11.9,7.2
0.006487157,12,7.2
0.006244528,12.1,7.2
0.004792704,12.2,7.2
0.006346046,12.3,7.2
0.006822556,12.4,7.2
0.006638225,12.5,7.2
0.008246419,12.6,7.2
0.006153465,12.7,7.2
0.007834321,12.8,7.2
0.006729929,12.9,7.2
0.007123984,13,7.2
0.008141962,13.1,7.2
0.007101197,13.2,7.2
0.007389916,13.3,7.2
0.007262375,13.4,7.2
0.007771327,13.5,7.2
0.007906612,13.6,7.2
0.009208579,13.7,7.2
0.007429097,13.8,7.2
0.008161756,13.9,7.2
0.007454552,14,7.2
0.00682803,14.1,7.2
0.00756941,14.2,7.2
0.006678142,14.3,7.2
0.007018553,14.4,7.2
0.00785293,14.5,7.2
0.008521447,14.6,7.2
0.006452968,14.7,7.2
0.004668363,14.8,7.2
0.006713454,14.9,7.2
0.009531512,15,7.2
0.002632454,0.5,7.4
-0.001975471,0.6,7.4
-0.005206164,0.7,7.4
-0.005941993,0.8,7.4
-0.006166545,0.9,7.4
-0.003473661,1,7.4
-0.003961508,1.1,7.4
0.000903937,1.2,7.4
-0.002461832,1.3,7.4
-0.001981897,1.4,7.4
-0.002033088,1.5,7.4
0.001700743,1.6,7.4
0.001868528,1.7,7.4
0.004851893,1.8,7.4
0.006638465,1.9,7.4
0.002262688,2,7.4
-0.000106196,2.1,7.4
0.001500464,2.2,7.4
0.001619525,2.3,7.4
0.003112916,2.4,7.4
-6.56E-05,2.5,7.4
-0.000917548,2.6,7.4
0.000385581,2.7,7.4
0.001269682,2.8,7.4
0.003710838,2.9,7.4
0.004568174,3,7.4
0.002498094,3.1,7.4
0.005206423,3.2,7.4
0.006780546,3.3,7.4
0.00183687,3.4,7.4
0.007774474,3.5,7.4
0.00619926,3.6,7.4
0.004573168,3.7,7.4
0.005000852,3.8,7.4
0.00141154,3.9,7.4
0.005011604,4,7.4
0.005148338,4.1,7.4
0.0041471,4.2,7.4
0.0040333,4.3,7.4
0.006384671,4.4,7.4
0.005142246,4.5,7.4
0.008573609,4.6,7.4
0.005856315,4.7,7.4
0.007232976,4.8,7.4
0.010328952,4.9,7.4
0.007767146,5,7.4
0.007015958,5.1,7.4
0.008686833,5.2,7.4
0.011415258,5.3,7.4
0.008457556,5.4,7.4
0.003831297,5.5,7.4
0.005472195,5.6,7.4
0.007717303,5.7,7.4
0.002980065,5.8,7.4
0.00376026,5.9,7.4
0.00471174,6,7.4
0.002144057,6.1,7.4
-0.00020997,6.2,7.4
0.002235126,6.3,7.4
0.006637225,6.4,7.4
0.007035498,6.5,7.4
0.003443521,6.6,7.4
0.00219124,6.7,7.4
0.004218075,6.8,7.4
0.004774303,6.9,7.4
0.006702348,7,7.4
0.006486683,7.1,7.4
0.003655527,7.2,7.4
0.00595194,7.3,7.4
0.004938931,7.4,7.4
0.007249948,7.5,7.4
0.005063195,7.6,7.4
0.005271187,7.7,7.4
0.003782126,7.8,7.4
0.002003622,7.9,7.4
0.003896402,8,7.4
0.00284802,8.1,7.4
0.004760253,8.2,7.4
0.006388751,8.3,7.4
0.00339194,8.4,7.4
0.004019926,8.5,7.4
0.003804473,8.6,7.4
0.00362764,8.7,7.4
0.001803264,8.8,7.4
0.005720071,8.9,7.4
0.00610196,9,7.4
0.005248508,9.1,7.4
0.004858197,9.2,7.4
0.006209344,9.3,7.4
0.005470557,9.4,7.4
0.003238307,9.5,7.4
0.004132173,9.6,7.4
0.005783897,9.7,7.4
0.006481953,9.8,7.4
0.006506602,9.9,7.4
0.006565171,10,7.4
0.007282141,10.1,7.4
0.006751844,10.2,7.4
0.005913858,10.3,7.4
0.00636786,10.4,7.4
0.005896348,10.5,7.4
0.006067674,10.6,7.4
0.004938147,10.7,7.4
0.004642639,10.8,7.4
0.003513985,10.9,7.4
0.003639928,11,7.4
0.001451734,11.1,7.4
0.002048371,11.2,7.4
0.000643759,11.3,7.4
0.002182173,11.4,7.4
0.000807452,11.5,7.4
0.004801156,11.6,7.4
0.00379846,11.7,7.4
0.003487143,11.8,7.4
0.003055142,11.9,7.4
0.004992819,12,7.4
0.004923881,12.1,7.4
0.004900844,12.2,7.4
0.003721218,12.3,7.4
0.004963215,12.4,7.4
0.001849259,12.5,7.4
0.005283924,12.6,7.4
0.005639321,12.7,7.4
0.005790305,12.8,7.4
0.005655393,12.9,7.4
0.006563315,13,7.4
0.006042354,13.1,7.4
0.006828443,13.2,7.4
0.006146131,13.3,7.4
0.007083424,13.4,7.4
0.008465707,13.5,7.4
0.010477086,13.6,7.4
0.010574488,13.7,7.4
0.008461951,13.8,7.4
0.011769074,13.9,7.4
0.010097429,14,7.4
0.010228053,14.1,7.4
0.010787983,14.2,7.4
0.012013166,14.3,7.4
0.011255898,14.4,7.4
0.014551839,14.5,7.4
0.01392552,14.6,7.4
0.016001785,14.7,7.4
0.016412778,14.8,7.4
0.014822435,14.9,7.4
0.015135189,15,7.4